{"type":"FeatureCollection","crs":{"type":"name","properties":{"name":"EPSG:4326"}},"features":[{"type":"Feature","geometry":{"type":"Polygon","coordinates":[[[145.11864,-38.18335],[145.12028,-38.18254],[145.12071,-38.18212],[145.12072,-38.18063],[145.12577,-38.18056],[145.12527,-38.18299],[145.12703,-38.18449],[145.1267,-38.1848],[145.12866,-38.18618],[145.12639,-38.18831],[145.12145,-38.19071],[145.1165,-38.18439],[145.11864,-38.18335]]]},"properties":{"SA1_CODE_2021":"21401137302","totalResponses":353,"Australian":141,"English":163,"Irish":38,"Scottish":23,"Italian":32,"Indian":11,"Chinese":8,"Greek":4,"German":7,"Dutch":14,"SriLankan":0,"Filipino":0}},{"type":"Feature","geometry":{"type":"Polygon","coordinates":[[[145.11449,-38.17819],[145.11298,-38.17625],[145.11634,-38.17462],[145.11727,-38.17287],[145.12058,-38.17399],[145.12075,-38.18199],[145.12028,-38.18254],[145.1165,-38.18439],[145.11324,-38.18021],[145.11524,-38.17914],[145.11449,-38.17819]]]},"properties":{"SA1_CODE_2021":"21401137303","totalResponses":504,"Australian":163,"English":251,"Irish":66,"Scottish":64,"Italian":9,"Indian":6,"Chinese":6,"Greek":7,"German":28,"Dutch":7,"SriLankan":6,"Filipino":0}},{"type":"Feature","geometry":{"type":"Polygon","coordinates":[[[145.12787,-38.18558],[145.1267,-38.1848],[145.12703,-38.18449],[145.12527,-38.18299],[145.12571,-38.18062],[145.12613,-38.18055],[145.12661,-38.18001],[145.12908,-38.18227],[145.12898,-38.1834],[145.13037,-38.18357],[145.13081,-38.18253],[145.13267,-38.18145],[145.13346,-38.18161],[145.13449,-38.18229],[145.13479,-38.18209],[145.13478,-38.18226],[145.1353,-38.18235],[145.13522,-38.18283],[145.13551,-38.18495],[145.13542,-38.18537],[145.13504,-38.18526],[145.13434,-38.18532],[145.1331,-38.18648],[145.13269,-38.18642],[145.1319,-38.18664],[145.13146,-38.18661],[145.12957,-38.18532],[145.12866,-38.18618],[145.12781,-38.18564],[145.12787,-38.18558]]]},"properties":{"SA1_CODE_2021":"21401137318","totalResponses":319,"Australian":117,"English":137,"Irish":40,"Scottish":37,"Italian":25,"Indian":6,"Chinese":0,"Greek":3,"German":15,"Dutch":9,"SriLankan":0,"Filipino":0}},{"type":"Feature","geometry":{"type":"Polygon","coordinates":[[[145.13518,-38.17791],[145.13478,-38.17825],[145.13422,-38.17915],[145.13409,-38.17984],[145.13482,-38.18019],[145.13525,-38.18022],[145.13908,-38.17967],[145.13922,-38.18015],[145.13756,-38.18049],[145.13517,-38.18148],[145.13479,-38.18209],[145.13449,-38.18229],[145.13346,-38.18161],[145.13267,-38.18145],[145.13081,-38.18253],[145.13037,-38.18357],[145.12898,-38.1834],[145.12908,-38.18227],[145.12661,-38.18001],[145.12613,-38.18055],[145.12577,-38.18056],[145.12628,-38.17981],[145.1258,-38.17956],[145.12557,-38.17712],[145.1242,-38.17656],[145.12589,-38.17381],[145.12613,-38.17069],[145.12684,-38.17088],[145.1284,-38.17076],[145.12835,-38.17033],[145.13146,-38.17009],[145.1316,-38.1702],[145.13167,-38.17064],[145.13145,-38.17102],[145.13138,-38.1715],[145.13153,-38.17175],[145.13282,-38.17209],[145.13388,-38.17211],[145.13481,-38.17247],[145.13487,-38.1732],[145.13461,-38.17319],[145.13388,-38.17377],[145.13253,-38.17397],[145.13135,-38.17436],[145.13129,-38.17473],[145.13317,-38.17621],[145.13549,-38.17598],[145.13638,-38.17613],[145.13642,-38.1765],[145.13518,-38.17791]]]},"properties":{"SA1_CODE_2021":"21401137344","totalResponses":0,"Australian":0,"English":0,"Irish":0,"Scottish":0,"Italian":0,"Indian":0,"Chinese":0,"Greek":0,"German":0,"Dutch":0,"SriLankan":0,"Filipino":0}},{"type":"Feature","geometry":{"type":"Polygon","coordinates":[[[145.12751,-38.18726],[145.12957,-38.18532],[145.13127,-38.18653],[145.13171,-38.18665],[145.13261,-38.18643],[145.1331,-38.18648],[145.13453,-38.18525],[145.13542,-38.18537],[145.13388,-38.18698],[145.13331,-38.18848],[145.13179,-38.18994],[145.12386,-38.19377],[145.12145,-38.19071],[145.12639,-38.18831],[145.12751,-38.18726]]]},"properties":{"SA1_CODE_2021":"21401137317","totalResponses":295,"Australian":116,"English":119,"Irish":43,"Scottish":32,"Italian":24,"Indian":0,"Chinese":0,"Greek":16,"German":17,"Dutch":4,"SriLankan":0,"Filipino":0}},{"type":"Feature","geometry":{"type":"Polygon","coordinates":[[[145.13454,-38.18629],[145.13524,-38.18563],[145.13547,-38.18525],[145.13586,-38.18506],[145.13735,-38.18463],[145.14033,-38.18412],[145.14099,-38.18654],[145.14108,-38.1879],[145.14087,-38.1886],[145.14048,-38.18927],[145.1399,-38.1899],[145.13623,-38.19293],[145.13167,-38.19],[145.13331,-38.18848],[145.13355,-38.18807],[145.13382,-38.18708],[145.13454,-38.18629]]]},"properties":{"SA1_CODE_2021":"21401137316","totalResponses":472,"Australian":140,"English":177,"Irish":56,"Scottish":55,"Italian":32,"Indian":0,"Chinese":11,"Greek":13,"German":13,"Dutch":7,"SriLankan":0,"Filipino":0}},{"type":"Feature","geometry":{"type":"Polygon","coordinates":[[[145.1353,-38.18235],[145.13478,-38.18226],[145.13517,-38.18148],[145.13756,-38.18049],[145.13922,-38.18015],[145.13979,-38.18216],[145.14,-38.18248],[145.14033,-38.18412],[145.13712,-38.18468],[145.13547,-38.18525],[145.13522,-38.18283],[145.1353,-38.18235]]]},"properties":{"SA1_CODE_2021":"21401137301","totalResponses":449,"Australian":183,"English":223,"Irish":60,"Scottish":61,"Italian":20,"Indian":0,"Chinese":3,"Greek":9,"German":14,"Dutch":11,"SriLankan":4,"Filipino":0}},{"type":"Feature","geometry":{"type":"Polygon","coordinates":[[[145.13609,-38.17801],[145.13843,-38.17828],[145.13868,-38.17816],[145.13908,-38.17967],[145.13525,-38.18022],[145.13482,-38.18019],[145.13409,-38.17984],[145.13422,-38.17915],[145.13478,-38.17825],[145.13518,-38.17791],[145.13609,-38.17801]]]},"properties":{"SA1_CODE_2021":"21401137345","totalResponses":186,"Australian":71,"English":77,"Irish":27,"Scottish":23,"Italian":4,"Indian":0,"Chinese":3,"Greek":0,"German":10,"Dutch":0,"SriLankan":0,"Filipino":4}},{"type":"Feature","geometry":{"type":"Polygon","coordinates":[[[145.13328,-38.1762],[145.13129,-38.17473],[145.13135,-38.17436],[145.13253,-38.17397],[145.13388,-38.17377],[145.13461,-38.17319],[145.13487,-38.1732],[145.13482,-38.17262],[145.13527,-38.17261],[145.13527,-38.1732],[145.13925,-38.17337],[145.13926,-38.17411],[145.13862,-38.17666],[145.13868,-38.17816],[145.13843,-38.17828],[145.13518,-38.17791],[145.13642,-38.1765],[145.13638,-38.17613],[145.13549,-38.17598],[145.13328,-38.1762]]]},"properties":{"SA1_CODE_2021":"21401137308","totalResponses":637,"Australian":233,"English":252,"Irish":85,"Scottish":60,"Italian":21,"Indian":6,"Chinese":18,"Greek":8,"German":21,"Dutch":17,"SriLankan":3,"Filipino":3}},{"type":"Feature","geometry":{"type":"Polygon","coordinates":[[[145.13908,-38.17484],[145.13926,-38.17372],[145.14342,-38.17415],[145.14277,-38.17674],[145.14677,-38.17734],[145.1465,-38.17841],[145.14823,-38.17868],[145.1476,-38.17933],[145.14713,-38.17917],[145.14463,-38.17887],[145.14292,-38.17941],[145.14102,-38.17951],[145.13915,-38.17993],[145.13868,-38.17816],[145.13859,-38.17741],[145.13873,-38.17607],[145.13908,-38.17484]]]},"properties":{"SA1_CODE_2021":"21401137330","totalResponses":425,"Australian":180,"English":180,"Irish":44,"Scottish":41,"Italian":34,"Indian":0,"Chinese":6,"Greek":5,"German":19,"Dutch":17,"SriLankan":3,"Filipino":3}},{"type":"Feature","geometry":{"type":"Polygon","coordinates":[[[145.12563,-38.17779],[145.1258,-38.17956],[145.12628,-38.17981],[145.12577,-38.18056],[145.12072,-38.18063],[145.1206,-38.1751],[145.12557,-38.17712],[145.12563,-38.17779]]]},"properties":{"SA1_CODE_2021":"21401137306","totalResponses":213,"Australian":58,"English":109,"Irish":13,"Scottish":29,"Italian":10,"Indian":5,"Chinese":0,"Greek":6,"German":14,"Dutch":0,"SriLankan":5,"Filipino":0}},{"type":"Feature","geometry":{"type":"Polygon","coordinates":[[[145.12216,-38.17572],[145.1206,-38.1751],[145.12056,-38.17197],[145.12167,-38.16944],[145.12613,-38.17069],[145.12589,-38.17381],[145.1242,-38.17656],[145.12216,-38.17572]]]},"properties":{"SA1_CODE_2021":"21401137307","totalResponses":226,"Australian":74,"English":107,"Irish":40,"Scottish":32,"Italian":5,"Indian":0,"Chinese":0,"Greek":8,"German":8,"Dutch":0,"SriLankan":0,"Filipino":0}},{"type":"Feature","geometry":{"type":"Polygon","coordinates":[[[145.11186,-38.17058],[145.11136,-38.17027],[145.11227,-38.16836],[145.12109,-38.17075],[145.12056,-38.17197],[145.12058,-38.17399],[145.11632,-38.17255],[145.11186,-38.17058]]]},"properties":{"SA1_CODE_2021":"21401137305","totalResponses":207,"Australian":66,"English":93,"Irish":35,"Scottish":34,"Italian":3,"Indian":5,"Chinese":12,"Greek":0,"German":7,"Dutch":0,"SriLankan":0,"Filipino":3}},{"type":"Feature","geometry":{"type":"Polygon","coordinates":[[[145.13508,-38.16982],[145.13702,-38.16967],[145.13821,-38.1694],[145.13925,-38.17337],[145.13527,-38.1732],[145.13527,-38.17261],[145.13482,-38.17262],[145.13481,-38.17247],[145.13388,-38.17211],[145.13282,-38.17209],[145.13153,-38.17175],[145.13138,-38.1715],[145.13145,-38.17102],[145.13167,-38.17064],[145.1316,-38.1702],[145.13146,-38.17009],[145.12991,-38.17016],[145.13054,-38.16966],[145.13153,-38.16968],[145.13244,-38.17003],[145.13508,-38.16982]]]},"properties":{"SA1_CODE_2021":"21401137309","totalResponses":606,"Australian":224,"English":265,"Irish":65,"Scottish":78,"Italian":25,"Indian":9,"Chinese":28,"Greek":12,"German":27,"Dutch":12,"SriLankan":10,"Filipino":10}},{"type":"Feature","geometry":{"type":"Polygon","coordinates":[[[145.12834,-38.16726],[145.13387,-38.16474],[145.13713,-38.16562],[145.1376,-38.16726],[145.13055,-38.16897],[145.13007,-38.16915],[145.13025,-38.1695],[145.13054,-38.16966],[145.12994,-38.17019],[145.12885,-38.17029],[145.12881,-38.16991],[145.12826,-38.1691],[145.12768,-38.16859],[145.12794,-38.1685],[145.1278,-38.16827],[145.12812,-38.16736],[145.12834,-38.16726]]]},"properties":{"SA1_CODE_2021":"21401137311","totalResponses":781,"Australian":262,"English":299,"Irish":65,"Scottish":79,"Italian":33,"Indian":15,"Chinese":35,"Greek":6,"German":33,"Dutch":24,"SriLankan":7,"Filipino":7}},{"type":"Feature","geometry":{"type":"Polygon","coordinates":[[[145.13534,-38.16781],[145.1376,-38.16726],[145.13821,-38.1694],[145.13702,-38.16967],[145.13244,-38.17003],[145.13153,-38.16968],[145.13049,-38.16965],[145.13021,-38.16945],[145.13007,-38.16915],[145.13534,-38.16781]]]},"properties":{"SA1_CODE_2021":"21401137310","totalResponses":349,"Australian":112,"English":148,"Irish":32,"Scottish":34,"Italian":15,"Indian":7,"Chinese":5,"Greek":8,"German":10,"Dutch":0,"SriLankan":0,"Filipino":7}},{"type":"Feature","geometry":{"type":"Polygon","coordinates":[[[145.13899,-38.1721],[145.13856,-38.17062],[145.14003,-38.1703],[145.1407,-38.16996],[145.14143,-38.17087],[145.14198,-38.17217],[145.14256,-38.17248],[145.14338,-38.17251],[145.14374,-38.17225],[145.14414,-38.17107],[145.14515,-38.17019],[145.1454,-38.17039],[145.14548,-38.17032],[145.14696,-38.17146],[145.14969,-38.17443],[145.1504,-38.17496],[145.13926,-38.17372],[145.13899,-38.1721]]]},"properties":{"SA1_CODE_2021":"21401137328","totalResponses":358,"Australian":108,"English":170,"Irish":43,"Scottish":50,"Italian":17,"Indian":12,"Chinese":0,"Greek":10,"German":11,"Dutch":6,"SriLankan":0,"Filipino":0}},{"type":"Feature","geometry":{"type":"Polygon","coordinates":[[[145.13775,-38.16782],[145.13648,-38.1635],[145.14358,-38.16899],[145.14268,-38.16981],[145.14184,-38.16934],[145.14011,-38.17027],[145.13856,-38.17062],[145.13775,-38.16782]]]},"properties":{"SA1_CODE_2021":"21401137327","totalResponses":426,"Australian":131,"English":163,"Irish":58,"Scottish":45,"Italian":33,"Indian":7,"Chinese":23,"Greek":8,"German":10,"Dutch":17,"SriLankan":8,"Filipino":6}},{"type":"Feature","geometry":{"type":"Polygon","coordinates":[[[145.12466,-38.17029],[145.12167,-38.16944],[145.12273,-38.16712],[145.12341,-38.16668],[145.12489,-38.16628],[145.12594,-38.16695],[145.12671,-38.16704],[145.12727,-38.16758],[145.12794,-38.1685],[145.12768,-38.16859],[145.12826,-38.1691],[145.12881,-38.16991],[145.12885,-38.17029],[145.12835,-38.17033],[145.1284,-38.17076],[145.12684,-38.17088],[145.12466,-38.17029]]]},"properties":{"SA1_CODE_2021":"21401137314","totalResponses":338,"Australian":94,"English":152,"Irish":35,"Scottish":39,"Italian":8,"Indian":0,"Chinese":7,"Greek":0,"German":11,"Dutch":8,"SriLankan":0,"Filipino":6}},{"type":"Feature","geometry":{"type":"Polygon","coordinates":[[[145.13185,-38.16562],[145.12812,-38.16736],[145.1278,-38.16827],[145.12671,-38.16704],[145.12669,-38.16682],[145.1281,-38.16358],[145.13325,-38.16498],[145.13185,-38.16562]]]},"properties":{"SA1_CODE_2021":"21401137313","totalResponses":339,"Australian":114,"English":164,"Irish":34,"Scottish":34,"Italian":14,"Indian":6,"Chinese":14,"Greek":5,"German":18,"Dutch":8,"SriLankan":0,"Filipino":0}},{"type":"Feature","geometry":{"type":"Polygon","coordinates":[[[145.11247,-38.16708],[145.11255,-38.1663],[145.11289,-38.16638],[145.11335,-38.16535],[145.11476,-38.16575],[145.11545,-38.1656],[145.11586,-38.16465],[145.11693,-38.16492],[145.1188,-38.16474],[145.12037,-38.16504],[145.1219,-38.1645],[145.12319,-38.16454],[145.12378,-38.16489],[145.12366,-38.16519],[145.12516,-38.1658],[145.12527,-38.16573],[145.12489,-38.16628],[145.12341,-38.16668],[145.12273,-38.16712],[145.12109,-38.17075],[145.11227,-38.16836],[145.11247,-38.16708]]]},"properties":{"SA1_CODE_2021":"21401137322","totalResponses":477,"Australian":195,"English":188,"Irish":67,"Scottish":48,"Italian":5,"Indian":0,"Chinese":10,"Greek":8,"German":18,"Dutch":7,"SriLankan":0,"Filipino":7}},{"type":"Feature","geometry":{"type":"Polygon","coordinates":[[[145.15737,-38.1662],[145.15776,-38.16611],[145.1608,-38.1663],[145.16077,-38.1671],[145.16049,-38.16785],[145.15874,-38.17],[145.15828,-38.16975],[145.15819,-38.16985],[145.157,-38.16943],[145.15703,-38.1693],[145.15568,-38.16954],[145.15559,-38.16947],[145.15568,-38.16915],[145.15514,-38.16911],[145.15561,-38.16619],[145.15614,-38.16626],[145.15643,-38.16643],[145.15737,-38.1662]]]},"properties":{"SA1_CODE_2021":"21401137147","totalResponses":408,"Australian":189,"English":169,"Irish":53,"Scottish":44,"Italian":22,"Indian":4,"Chinese":5,"Greek":0,"German":18,"Dutch":5,"SriLankan":3,"Filipino":3}},{"type":"Feature","geometry":{"type":"Polygon","coordinates":[[[145.15151,-38.16922],[145.15182,-38.16801],[145.15302,-38.16825],[145.1547,-38.16927],[145.1551,-38.16926],[145.15457,-38.17042],[145.15322,-38.17189],[145.1527,-38.17287],[145.15066,-38.17251],[145.15151,-38.16922]]]},"properties":{"SA1_CODE_2021":"21401137148","totalResponses":387,"Australian":159,"English":196,"Irish":52,"Scottish":33,"Italian":8,"Indian":5,"Chinese":0,"Greek":3,"German":25,"Dutch":17,"SriLankan":3,"Filipino":0}},{"type":"Feature","geometry":{"type":"Polygon","coordinates":[[[145.157,-38.16943],[145.15819,-38.16985],[145.15828,-38.16975],[145.15874,-38.17],[145.15759,-38.17133],[145.15711,-38.17126],[145.15666,-38.17148],[145.15651,-38.17187],[145.1567,-38.17222],[145.15622,-38.17257],[145.15537,-38.17208],[145.15441,-38.17312],[145.15403,-38.17332],[145.1526,-38.17319],[145.15314,-38.172],[145.15465,-38.1703],[145.15514,-38.16911],[145.15568,-38.16915],[145.15559,-38.16947],[145.15568,-38.16954],[145.15694,-38.16931],[145.15703,-38.1693],[145.157,-38.16943]]]},"properties":{"SA1_CODE_2021":"21401137149","totalResponses":317,"Australian":107,"English":145,"Irish":34,"Scottish":43,"Italian":13,"Indian":9,"Chinese":9,"Greek":0,"German":15,"Dutch":15,"SriLankan":5,"Filipino":3}},{"type":"Feature","geometry":{"type":"Polygon","coordinates":[[[145.15244,-38.16564],[145.15291,-38.16384],[145.15559,-38.16426],[145.15549,-38.16466],[145.15619,-38.16487],[145.15565,-38.16603],[145.1551,-38.16926],[145.1547,-38.16927],[145.15302,-38.16825],[145.15182,-38.16801],[145.15244,-38.16564]]]},"properties":{"SA1_CODE_2021":"21401137105","totalResponses":445,"Australian":170,"English":177,"Irish":57,"Scottish":35,"Italian":22,"Indian":5,"Chinese":10,"Greek":8,"German":24,"Dutch":7,"SriLankan":0,"Filipino":7}},{"type":"Feature","geometry":{"type":"Polygon","coordinates":[[[145.1567,-38.17222],[145.15651,-38.17187],[145.15666,-38.17148],[145.15711,-38.17126],[145.15759,-38.17133],[145.15857,-38.17019],[145.15966,-38.17063],[145.1592,-38.17127],[145.15887,-38.17248],[145.15796,-38.17386],[145.1582,-38.17442],[145.15724,-38.17468],[145.15686,-38.17617],[145.15451,-38.17579],[145.15461,-38.1754],[145.15515,-38.17549],[145.15541,-38.17453],[145.15486,-38.17445],[145.15518,-38.17371],[145.15581,-38.17291],[145.1567,-38.17222]]]},"properties":{"SA1_CODE_2021":"21401137106","totalResponses":337,"Australian":125,"English":143,"Irish":19,"Scottish":42,"Italian":13,"Indian":0,"Chinese":0,"Greek":4,"German":11,"Dutch":11,"SriLankan":0,"Filipino":0}},{"type":"Feature","geometry":{"type":"Polygon","coordinates":[[[145.14328,-38.16561],[145.14411,-38.16321],[145.14985,-38.16328],[145.15293,-38.16376],[145.15009,-38.17472],[145.14969,-38.17443],[145.14696,-38.17146],[145.14234,-38.16804],[145.14328,-38.16561]]]},"properties":{"SA1_CODE_2021":"21401137118","totalResponses":442,"Australian":170,"English":173,"Irish":36,"Scottish":58,"Italian":20,"Indian":0,"Chinese":8,"Greek":7,"German":13,"Dutch":9,"SriLankan":0,"Filipino":0}},{"type":"Feature","geometry":{"type":"Polygon","coordinates":[[[145.14268,-38.16981],[145.14358,-38.16899],[145.14515,-38.17019],[145.14414,-38.17107],[145.14374,-38.17225],[145.14332,-38.17253],[145.14256,-38.17248],[145.14198,-38.17217],[145.14143,-38.17087],[145.1407,-38.16996],[145.14184,-38.16934],[145.14268,-38.16981]]]},"properties":{"SA1_CODE_2021":"21401137329","totalResponses":229,"Australian":69,"English":88,"Irish":22,"Scottish":18,"Italian":8,"Indian":22,"Chinese":12,"Greek":4,"German":8,"Dutch":8,"SriLankan":0,"Filipino":0}},{"type":"Feature","geometry":{"type":"Polygon","coordinates":[[[145.14079,-38.16318],[145.14411,-38.16321],[145.14414,-38.16339],[145.14234,-38.16804],[145.13648,-38.1635],[145.13633,-38.16303],[145.14079,-38.16318]]]},"properties":{"SA1_CODE_2021":"21401137117","totalResponses":465,"Australian":152,"English":199,"Irish":65,"Scottish":50,"Italian":10,"Indian":18,"Chinese":13,"Greek":12,"German":38,"Dutch":19,"SriLankan":3,"Filipino":3}},{"type":"Feature","geometry":{"type":"Polygon","coordinates":[[[145.14277,-38.17674],[145.14342,-38.17415],[145.1504,-38.17496],[145.15294,-38.1769],[145.15246,-38.17752],[145.15234,-38.17789],[145.15276,-38.17878],[145.15288,-38.1794],[145.1465,-38.17841],[145.14677,-38.17734],[145.14277,-38.17674]]]},"properties":{"SA1_CODE_2021":"21401137339","totalResponses":655,"Australian":190,"English":307,"Irish":71,"Scottish":93,"Italian":5,"Indian":0,"Chinese":0,"Greek":0,"German":18,"Dutch":9,"SriLankan":0,"Filipino":0}},{"type":"Feature","geometry":{"type":"Polygon","coordinates":[[[145.15294,-38.1769],[145.15068,-38.17517],[145.16127,-38.17689],[145.15929,-38.18173],[145.15678,-38.17982],[145.15479,-38.18246],[145.15254,-38.18079],[145.15288,-38.17942],[145.15276,-38.17878],[145.15234,-38.17789],[145.15246,-38.17752],[145.15294,-38.1769]]]},"properties":{"SA1_CODE_2021":"21401137343","totalResponses":266,"Australian":91,"English":92,"Irish":28,"Scottish":29,"Italian":25,"Indian":14,"Chinese":0,"Greek":0,"German":22,"Dutch":0,"SriLankan":0,"Filipino":0}},{"type":"Feature","geometry":{"type":"Polygon","coordinates":[[[145.15203,-38.17539],[145.15068,-38.17517],[145.15009,-38.17472],[145.15066,-38.17251],[145.15259,-38.17283],[145.1527,-38.17287],[145.1526,-38.17319],[145.15381,-38.17336],[145.15436,-38.17317],[145.15537,-38.17208],[145.15622,-38.17257],[145.15541,-38.17336],[145.15493,-38.17424],[145.15486,-38.17445],[145.15541,-38.17453],[145.15515,-38.17549],[145.15461,-38.1754],[145.15451,-38.17579],[145.15203,-38.17539]]]},"properties":{"SA1_CODE_2021":"21401137150","totalResponses":306,"Australian":106,"English":133,"Irish":48,"Scottish":34,"Italian":12,"Indian":0,"Chinese":0,"Greek":9,"German":10,"Dutch":9,"SriLankan":0,"Filipino":4}},{"type":"Feature","geometry":{"type":"Polygon","coordinates":[[[145.15952,-38.16908],[145.16032,-38.16812],[145.16063,-38.16756],[145.16203,-38.16785],[145.16286,-38.16752],[145.16317,-38.16707],[145.16375,-38.16444],[145.16495,-38.16457],[145.1621,-38.17514],[145.16127,-38.17689],[145.15686,-38.17617],[145.15724,-38.17468],[145.1582,-38.17442],[145.15796,-38.17386],[145.15887,-38.17248],[145.1592,-38.17127],[145.15964,-38.17069],[145.15857,-38.17019],[145.15952,-38.16908]]]},"properties":{"SA1_CODE_2021":"21401137103","totalResponses":377,"Australian":133,"English":189,"Irish":70,"Scottish":45,"Italian":13,"Indian":5,"Chinese":6,"Greek":13,"German":7,"Dutch":0,"SriLankan":5,"Filipino":0}},{"type":"Feature","geometry":{"type":"Polygon","coordinates":[[[145.16579,-38.16141],[145.16639,-38.1592],[145.16833,-38.15578],[145.17068,-38.15633],[145.17002,-38.15937],[145.1736,-38.1598],[145.1765,-38.16094],[145.17632,-38.16185],[145.17552,-38.16165],[145.17471,-38.16117],[145.1741,-38.16465],[145.17841,-38.16517],[145.1776,-38.1695],[145.18751,-38.17065],[145.18602,-38.17848],[145.18552,-38.17996],[145.16538,-38.17755],[145.16127,-38.17689],[145.1621,-38.17514],[145.16579,-38.16141]]]},"properties":{"SA1_CODE_2021":"21401137454","totalResponses":419,"Australian":192,"English":201,"Irish":35,"Scottish":36,"Italian":17,"Indian":6,"Chinese":0,"Greek":10,"German":16,"Dutch":5,"SriLankan":0,"Filipino":0}},{"type":"Feature","geometry":{"type":"Polygon","coordinates":[[[145.16075,-38.16603],[145.16047,-38.16533],[145.16003,-38.16475],[145.15869,-38.16382],[145.15928,-38.16318],[145.16029,-38.16378],[145.16131,-38.16478],[145.16256,-38.16394],[145.16381,-38.16405],[145.16351,-38.16587],[145.16317,-38.16707],[145.16276,-38.1676],[145.16191,-38.16785],[145.16063,-38.16756],[145.16081,-38.16684],[145.16075,-38.16603]]]},"properties":{"SA1_CODE_2021":"21401137154","totalResponses":339,"Australian":141,"English":179,"Irish":43,"Scottish":40,"Italian":17,"Indian":3,"Chinese":7,"Greek":10,"German":15,"Dutch":3,"SriLankan":7,"Filipino":0}},{"type":"Feature","geometry":{"type":"Polygon","coordinates":[[[145.13555,-38.16059],[145.13466,-38.15753],[145.13515,-38.15749],[145.14188,-38.15929],[145.14108,-38.16115],[145.14184,-38.16136],[145.14216,-38.16319],[145.13633,-38.16303],[145.13555,-38.16059]]]},"properties":{"SA1_CODE_2021":"21401137101","totalResponses":532,"Australian":204,"English":204,"Irish":59,"Scottish":41,"Italian":15,"Indian":8,"Chinese":12,"Greek":17,"German":17,"Dutch":9,"SriLankan":0,"Filipino":0}},{"type":"Feature","geometry":{"type":"Polygon","coordinates":[[[145.13567,-38.1548],[145.13757,-38.1553],[145.13748,-38.15552],[145.13954,-38.15608],[145.13854,-38.15839],[145.13515,-38.15749],[145.13466,-38.15753],[145.13372,-38.1539],[145.13584,-38.1544],[145.13567,-38.1548]]]},"properties":{"SA1_CODE_2021":"21401137108","totalResponses":407,"Australian":130,"English":141,"Irish":50,"Scottish":25,"Italian":19,"Indian":8,"Chinese":24,"Greek":0,"German":28,"Dutch":17,"SriLankan":8,"Filipino":12}},{"type":"Feature","geometry":{"type":"Polygon","coordinates":[[[145.14257,-38.15284],[145.14403,-38.1534],[145.14152,-38.15919],[145.13854,-38.15839],[145.14105,-38.15262],[145.1412,-38.15246],[145.14257,-38.15284]]]},"properties":{"SA1_CODE_2021":"21401137110","totalResponses":572,"Australian":214,"English":230,"Irish":58,"Scottish":52,"Italian":17,"Indian":13,"Chinese":11,"Greek":18,"German":27,"Dutch":17,"SriLankan":6,"Filipino":3}},{"type":"Feature","geometry":{"type":"Polygon","coordinates":[[[145.13411,-38.15545],[145.13523,-38.15947],[145.13036,-38.15816],[145.13259,-38.15312],[145.1324,-38.15287],[145.13299,-38.15296],[145.13312,-38.15272],[145.13348,-38.15252],[145.13411,-38.15545]]]},"properties":{"SA1_CODE_2021":"21401137114","totalResponses":444,"Australian":144,"English":148,"Irish":50,"Scottish":41,"Italian":22,"Indian":18,"Chinese":19,"Greek":11,"German":15,"Dutch":17,"SriLankan":0,"Filipino":0}},{"type":"Feature","geometry":{"type":"Polygon","coordinates":[[[145.1297,-38.15971],[145.13036,-38.15816],[145.13523,-38.15947],[145.13644,-38.16336],[145.12904,-38.16134],[145.1297,-38.15971]]]},"properties":{"SA1_CODE_2021":"21401137107","totalResponses":792,"Australian":268,"English":271,"Irish":80,"Scottish":76,"Italian":20,"Indian":25,"Chinese":32,"Greek":23,"German":28,"Dutch":14,"SriLankan":4,"Filipino":7}},{"type":"Feature","geometry":{"type":"Polygon","coordinates":[[[145.13084,-38.16433],[145.1281,-38.16358],[145.12904,-38.16134],[145.13644,-38.16336],[145.13713,-38.16562],[145.13387,-38.16474],[145.13325,-38.16498],[145.13084,-38.16433]]]},"properties":{"SA1_CODE_2021":"21401137312","totalResponses":350,"Australian":111,"English":148,"Irish":51,"Scottish":54,"Italian":14,"Indian":16,"Chinese":9,"Greek":5,"German":14,"Dutch":5,"SriLankan":0,"Filipino":3}},{"type":"Feature","geometry":{"type":"Polygon","coordinates":[[[145.12316,-38.15737],[145.12352,-38.15651],[145.13028,-38.15834],[145.12904,-38.16134],[145.12397,-38.15996],[145.12288,-38.158],[145.12316,-38.15737]]]},"properties":{"SA1_CODE_2021":"21401137115","totalResponses":479,"Australian":169,"English":211,"Irish":60,"Scottish":44,"Italian":8,"Indian":18,"Chinese":11,"Greek":12,"German":20,"Dutch":9,"SriLankan":0,"Filipino":11}},{"type":"Feature","geometry":{"type":"Polygon","coordinates":[[[145.12806,-38.15774],[145.12352,-38.15651],[145.12408,-38.15521],[145.12864,-38.15644],[145.12883,-38.156],[145.13105,-38.1566],[145.13028,-38.15834],[145.12806,-38.15774]]]},"properties":{"SA1_CODE_2021":"21401137139","totalResponses":353,"Australian":99,"English":143,"Irish":42,"Scottish":35,"Italian":8,"Indian":15,"Chinese":20,"Greek":6,"German":8,"Dutch":8,"SriLankan":0,"Filipino":3}},{"type":"Feature","geometry":{"type":"Polygon","coordinates":[[[145.125,-38.16183],[145.12397,-38.15996],[145.12904,-38.16134],[145.12669,-38.16682],[145.12671,-38.16704],[145.12594,-38.16695],[145.12489,-38.16628],[145.12527,-38.16573],[145.12531,-38.16319],[145.125,-38.16183]]]},"properties":{"SA1_CODE_2021":"21401137319","totalResponses":307,"Australian":115,"English":124,"Irish":39,"Scottish":34,"Italian":9,"Indian":3,"Chinese":4,"Greek":7,"German":9,"Dutch":9,"SriLankan":0,"Filipino":5}},{"type":"Feature","geometry":{"type":"Polygon","coordinates":[[[145.12167,-38.16082],[145.12288,-38.158],[145.125,-38.16183],[145.1252,-38.16256],[145.12457,-38.16253],[145.1213,-38.16167],[145.12167,-38.16082]]]},"properties":{"SA1_CODE_2021":"21401137320","totalResponses":235,"Australian":91,"English":98,"Irish":20,"Scottish":27,"Italian":9,"Indian":5,"Chinese":7,"Greek":0,"German":9,"Dutch":9,"SriLankan":0,"Filipino":0}},{"type":"Feature","geometry":{"type":"Polygon","coordinates":[[[145.11649,-38.16143],[145.11522,-38.16108],[145.1167,-38.15765],[145.11843,-38.15953],[145.11915,-38.15907],[145.11929,-38.15877],[145.11974,-38.15886],[145.12038,-38.1588],[145.12232,-38.15932],[145.1213,-38.16167],[145.12011,-38.16137],[145.1197,-38.16229],[145.11649,-38.16143]]]},"properties":{"SA1_CODE_2021":"21401137324","totalResponses":466,"Australian":153,"English":190,"Irish":59,"Scottish":63,"Italian":28,"Indian":3,"Chinese":13,"Greek":6,"German":20,"Dutch":10,"SriLankan":0,"Filipino":0}},{"type":"Feature","geometry":{"type":"Polygon","coordinates":[[[145.11773,-38.15526],[145.11785,-38.15499],[145.11909,-38.15532],[145.11977,-38.15645],[145.12316,-38.15737],[145.12232,-38.15932],[145.12038,-38.1588],[145.11974,-38.15886],[145.11929,-38.15877],[145.11915,-38.15907],[145.11843,-38.15953],[145.1167,-38.15765],[145.11773,-38.15526]]]},"properties":{"SA1_CODE_2021":"21401137325","totalResponses":421,"Australian":174,"English":185,"Irish":48,"Scottish":49,"Italian":13,"Indian":4,"Chinese":7,"Greek":7,"German":20,"Dutch":11,"SriLankan":0,"Filipino":0}},{"type":"Feature","geometry":{"type":"Polygon","coordinates":[[[145.1197,-38.16229],[145.12011,-38.16137],[145.1213,-38.16167],[145.11989,-38.16492],[145.11863,-38.16474],[145.11693,-38.16492],[145.11586,-38.16465],[145.11545,-38.1656],[145.11476,-38.16575],[145.11335,-38.16535],[145.11522,-38.16108],[145.1197,-38.16229]]]},"properties":{"SA1_CODE_2021":"21401137323","totalResponses":619,"Australian":218,"English":279,"Irish":86,"Scottish":72,"Italian":24,"Indian":3,"Chinese":18,"Greek":10,"German":31,"Dutch":14,"SriLankan":0,"Filipino":4}},{"type":"Feature","geometry":{"type":"Polygon","coordinates":[[[145.12232,-38.16452],[145.12183,-38.16452],[145.12066,-38.165],[145.11989,-38.16492],[145.1213,-38.16167],[145.12457,-38.16253],[145.1252,-38.16256],[145.12531,-38.16319],[145.12527,-38.16573],[145.12516,-38.1658],[145.12366,-38.16519],[145.12378,-38.16489],[145.12339,-38.16457],[145.12232,-38.16452]]]},"properties":{"SA1_CODE_2021":"21401137321","totalResponses":376,"Australian":151,"English":182,"Irish":36,"Scottish":34,"Italian":17,"Indian":4,"Chinese":14,"Greek":3,"German":35,"Dutch":4,"SriLankan":0,"Filipino":10}},{"type":"Feature","geometry":{"type":"Polygon","coordinates":[[[145.14184,-38.16136],[145.14108,-38.16115],[145.14188,-38.15929],[145.14777,-38.16088],[145.14681,-38.16317],[145.14216,-38.16319],[145.14184,-38.16136]]]},"properties":{"SA1_CODE_2021":"21401137102","totalResponses":376,"Australian":156,"English":157,"Irish":35,"Scottish":41,"Italian":11,"Indian":10,"Chinese":11,"Greek":7,"German":24,"Dutch":15,"SriLankan":0,"Filipino":0}},{"type":"Feature","geometry":{"type":"Polygon","coordinates":[[[145.1498,-38.16009],[145.15018,-38.15984],[145.15222,-38.16009],[145.15308,-38.16064],[145.15394,-38.16092],[145.15373,-38.1613],[145.15309,-38.16111],[145.15261,-38.16125],[145.1525,-38.16163],[145.15313,-38.16189],[145.15333,-38.16214],[145.1535,-38.16208],[145.15369,-38.16245],[145.15312,-38.16264],[145.15333,-38.16302],[145.15147,-38.16353],[145.14985,-38.16328],[145.14678,-38.16325],[145.14777,-38.16088],[145.14833,-38.16103],[145.1498,-38.16009]]]},"properties":{"SA1_CODE_2021":"21401137119","totalResponses":490,"Australian":176,"English":192,"Irish":67,"Scottish":50,"Italian":20,"Indian":9,"Chinese":4,"Greek":10,"German":32,"Dutch":14,"SriLankan":0,"Filipino":13}},{"type":"Feature","geometry":{"type":"Polygon","coordinates":[[[145.15858,-38.16376],[145.15958,-38.16437],[145.16016,-38.1649],[145.16061,-38.16561],[145.1608,-38.1663],[145.15776,-38.16611],[145.15643,-38.16643],[145.15614,-38.16626],[145.15561,-38.16619],[145.15619,-38.16487],[145.15764,-38.1632],[145.15858,-38.16376]]]},"properties":{"SA1_CODE_2021":"21401137104","totalResponses":284,"Australian":93,"English":126,"Irish":30,"Scottish":32,"Italian":22,"Indian":3,"Chinese":7,"Greek":3,"German":10,"Dutch":6,"SriLankan":0,"Filipino":3}},{"type":"Feature","geometry":{"type":"Polygon","coordinates":[[[145.15369,-38.16245],[145.1535,-38.16208],[145.15333,-38.16214],[145.15313,-38.16189],[145.1525,-38.16163],[145.15261,-38.16125],[145.15309,-38.16111],[145.15373,-38.1613],[145.15394,-38.16092],[145.15308,-38.16064],[145.15247,-38.16018],[145.15206,-38.16006],[145.15227,-38.15905],[145.15357,-38.15982],[145.15467,-38.16026],[145.15821,-38.16104],[145.15814,-38.16144],[145.15722,-38.16173],[145.15683,-38.16285],[145.15764,-38.1632],[145.15619,-38.16487],[145.15549,-38.16466],[145.15559,-38.16426],[145.15147,-38.16353],[145.15333,-38.16302],[145.15312,-38.16264],[145.15369,-38.16245]]]},"properties":{"SA1_CODE_2021":"21401137143","totalResponses":444,"Australian":138,"English":192,"Irish":50,"Scottish":50,"Italian":27,"Indian":6,"Chinese":5,"Greek":8,"German":17,"Dutch":16,"SriLankan":0,"Filipino":4}},{"type":"Feature","geometry":{"type":"Polygon","coordinates":[[[145.15928,-38.16318],[145.15869,-38.16382],[145.15683,-38.16285],[145.15722,-38.16173],[145.15814,-38.16144],[145.15821,-38.16104],[145.16331,-38.16209],[145.16427,-38.16236],[145.16538,-38.16293],[145.16495,-38.16457],[145.16375,-38.16444],[145.16381,-38.16405],[145.16256,-38.16394],[145.16131,-38.16478],[145.16029,-38.16378],[145.15928,-38.16318]]]},"properties":{"SA1_CODE_2021":"21401137142","totalResponses":440,"Australian":195,"English":159,"Irish":43,"Scottish":70,"Italian":9,"Indian":6,"Chinese":7,"Greek":3,"German":11,"Dutch":15,"SriLankan":11,"Filipino":0}},{"type":"Feature","geometry":{"type":"Polygon","coordinates":[[[145.14819,-38.15992],[145.14769,-38.15979],[145.14845,-38.15798],[145.14853,-38.15721],[145.14908,-38.15676],[145.15227,-38.15905],[145.15206,-38.16006],[145.15018,-38.15984],[145.14833,-38.16103],[145.14777,-38.16088],[145.14819,-38.15992]]]},"properties":{"SA1_CODE_2021":"21401137113","totalResponses":316,"Australian":137,"English":127,"Irish":37,"Scottish":25,"Italian":10,"Indian":0,"Chinese":10,"Greek":6,"German":16,"Dutch":13,"SriLankan":0,"Filipino":3}},{"type":"Feature","geometry":{"type":"Polygon","coordinates":[[[145.15336,-38.15733],[145.15318,-38.15675],[145.15348,-38.15625],[145.15389,-38.15605],[145.15563,-38.15567],[145.15958,-38.156],[145.15981,-38.15633],[145.15934,-38.15915],[145.15973,-38.16015],[145.15998,-38.16046],[145.15958,-38.1606],[145.1594,-38.16129],[145.15558,-38.16051],[145.15357,-38.15982],[145.15144,-38.15845],[145.15193,-38.15836],[145.1528,-38.15842],[145.15378,-38.15811],[145.15336,-38.15733]]]},"properties":{"SA1_CODE_2021":"21401137146","totalResponses":515,"Australian":170,"English":204,"Irish":54,"Scottish":70,"Italian":21,"Indian":11,"Chinese":7,"Greek":6,"German":17,"Dutch":6,"SriLankan":3,"Filipino":13}},{"type":"Feature","geometry":{"type":"Polygon","coordinates":[[[145.14958,-38.1548],[145.15005,-38.15369],[145.15193,-38.15417],[145.1522,-38.15352],[145.15314,-38.15385],[145.15405,-38.15439],[145.15471,-38.15508],[145.15506,-38.15579],[145.15372,-38.15611],[145.15326,-38.15651],[145.15321,-38.15701],[145.15378,-38.15811],[145.1528,-38.15842],[145.15193,-38.15836],[145.15144,-38.15845],[145.14818,-38.15612],[145.14945,-38.15512],[145.14958,-38.1548]]]},"properties":{"SA1_CODE_2021":"21401137144","totalResponses":373,"Australian":135,"English":163,"Irish":42,"Scottish":35,"Italian":16,"Indian":0,"Chinese":0,"Greek":7,"German":10,"Dutch":8,"SriLankan":0,"Filipino":9}},{"type":"Feature","geometry":{"type":"Polygon","coordinates":[[[145.14191,-38.15827],[145.14224,-38.15751],[145.14472,-38.15817],[145.1448,-38.15799],[145.14676,-38.15862],[145.14679,-38.15787],[145.14695,-38.15762],[145.14721,-38.15785],[145.14845,-38.15798],[145.14769,-38.15979],[145.14819,-38.15992],[145.14777,-38.16088],[145.14152,-38.15919],[145.14191,-38.15827]]]},"properties":{"SA1_CODE_2021":"21401137112","totalResponses":345,"Australian":132,"English":119,"Irish":45,"Scottish":45,"Italian":11,"Indian":0,"Chinese":7,"Greek":11,"German":17,"Dutch":8,"SriLankan":4,"Filipino":0}},{"type":"Feature","geometry":{"type":"Polygon","coordinates":[[[145.14319,-38.15533],[145.14403,-38.1534],[145.14602,-38.15457],[145.14908,-38.15676],[145.14853,-38.15721],[145.14845,-38.15798],[145.14721,-38.15785],[145.14688,-38.15766],[145.14676,-38.15862],[145.1448,-38.15799],[145.14472,-38.15817],[145.14224,-38.15751],[145.14319,-38.15533]]]},"properties":{"SA1_CODE_2021":"21401137111","totalResponses":420,"Australian":135,"English":176,"Irish":51,"Scottish":59,"Italian":15,"Indian":0,"Chinese":15,"Greek":3,"German":15,"Dutch":9,"SriLankan":4,"Filipino":0}},{"type":"Feature","geometry":{"type":"Polygon","coordinates":[[[145.18125,-38.15521],[145.18584,-38.15379],[145.18502,-38.15815],[145.1829,-38.1579],[145.18247,-38.16016],[145.18457,-38.1604],[145.18453,-38.16062],[145.18416,-38.16088],[145.18316,-38.16089],[145.18287,-38.16249],[145.18308,-38.16329],[145.18291,-38.16432],[145.1824,-38.16426],[145.17754,-38.16136],[145.1736,-38.1598],[145.17002,-38.15937],[145.17068,-38.15633],[145.18125,-38.15521]]]},"properties":{"SA1_CODE_2021":"21401137404","totalResponses":572,"Australian":203,"English":282,"Irish":66,"Scottish":84,"Italian":26,"Indian":0,"Chinese":7,"Greek":0,"German":36,"Dutch":17,"SriLankan":0,"Filipino":8}},{"type":"Feature","geometry":{"type":"Polygon","coordinates":[[[145.17718,-38.16501],[145.1741,-38.16465],[145.17471,-38.16117],[145.17552,-38.16165],[145.17632,-38.16185],[145.1765,-38.16094],[145.17754,-38.16136],[145.1824,-38.16426],[145.18187,-38.16713],[145.18489,-38.16751],[145.18477,-38.16818],[145.18791,-38.16855],[145.18751,-38.17065],[145.1776,-38.1695],[145.17841,-38.16517],[145.17718,-38.16501]]]},"properties":{"SA1_CODE_2021":"21401137453","totalResponses":467,"Australian":181,"English":209,"Irish":41,"Scottish":45,"Italian":23,"Indian":13,"Chinese":0,"Greek":10,"German":15,"Dutch":22,"SriLankan":0,"Filipino":3}},{"type":"Feature","geometry":{"type":"Polygon","coordinates":[[[145.15998,-38.16046],[145.15937,-38.1593],[145.15936,-38.15885],[145.16128,-38.15905],[145.16185,-38.15923],[145.16246,-38.15965],[145.16316,-38.16051],[145.16411,-38.15984],[145.16432,-38.1592],[145.165,-38.15909],[145.16637,-38.15926],[145.16538,-38.16293],[145.16427,-38.16236],[145.16331,-38.16209],[145.1594,-38.16129],[145.15958,-38.1606],[145.15998,-38.16046]]]},"properties":{"SA1_CODE_2021":"21401137127","totalResponses":325,"Australian":113,"English":136,"Irish":54,"Scottish":39,"Italian":17,"Indian":4,"Chinese":3,"Greek":8,"German":21,"Dutch":3,"SriLankan":0,"Filipino":0}},{"type":"Feature","geometry":{"type":"Polygon","coordinates":[[[145.15961,-38.15744],[145.15979,-38.15645],[145.16077,-38.15644],[145.16152,-38.15655],[145.1641,-38.15757],[145.16404,-38.15798],[145.16432,-38.15922],[145.16425,-38.15961],[145.16402,-38.15993],[145.16316,-38.16051],[145.16246,-38.15965],[145.16185,-38.15923],[145.16128,-38.15905],[145.15936,-38.15885],[145.15961,-38.15744]]]},"properties":{"SA1_CODE_2021":"21401137128","totalResponses":328,"Australian":114,"English":140,"Irish":50,"Scottish":32,"Italian":19,"Indian":6,"Chinese":0,"Greek":13,"German":8,"Dutch":0,"SriLankan":0,"Filipino":0}},{"type":"Feature","geometry":{"type":"Polygon","coordinates":[[[145.16261,-38.15555],[145.16288,-38.1543],[145.16833,-38.15578],[145.16637,-38.15926],[145.165,-38.15909],[145.16432,-38.1592],[145.16404,-38.15798],[145.1641,-38.15757],[145.16221,-38.15683],[145.1625,-38.15641],[145.16248,-38.15609],[145.16234,-38.15595],[145.16261,-38.15555]]]},"properties":{"SA1_CODE_2021":"21401137133","totalResponses":293,"Australian":94,"English":105,"Irish":31,"Scottish":40,"Italian":9,"Indian":0,"Chinese":6,"Greek":0,"German":7,"Dutch":8,"SriLankan":0,"Filipino":5}},{"type":"Feature","geometry":{"type":"Polygon","coordinates":[[[145.11828,-38.15399],[145.11852,-38.15343],[145.12419,-38.15495],[145.12316,-38.15737],[145.11977,-38.15645],[145.11909,-38.15532],[145.11785,-38.15499],[145.11828,-38.15399]]]},"properties":{"SA1_CODE_2021":"21401137120","totalResponses":314,"Australian":86,"English":154,"Irish":41,"Scottish":62,"Italian":19,"Indian":14,"Chinese":16,"Greek":10,"German":20,"Dutch":6,"SriLankan":0,"Filipino":0}},{"type":"Feature","geometry":{"type":"Polygon","coordinates":[[[145.12759,-38.15443],[145.12807,-38.15332],[145.13202,-38.1544],[145.13105,-38.1566],[145.12883,-38.156],[145.12864,-38.15644],[145.12692,-38.15597],[145.12759,-38.15443]]]},"properties":{"SA1_CODE_2021":"21401137116","totalResponses":399,"Australian":136,"English":126,"Irish":36,"Scottish":50,"Italian":15,"Indian":11,"Chinese":13,"Greek":6,"German":20,"Dutch":7,"SriLankan":0,"Filipino":5}},{"type":"Feature","geometry":{"type":"Polygon","coordinates":[[[145.12458,-38.15404],[145.12523,-38.15253],[145.12807,-38.15332],[145.12692,-38.15597],[145.12408,-38.15521],[145.12458,-38.15404]]]},"properties":{"SA1_CODE_2021":"21401137140","totalResponses":239,"Australian":75,"English":87,"Irish":14,"Scottish":33,"Italian":7,"Indian":0,"Chinese":9,"Greek":6,"German":10,"Dutch":6,"SriLankan":0,"Filipino":0}},{"type":"Feature","geometry":{"type":"Polygon","coordinates":[[[145.12042,-38.15121],[145.11957,-38.15098],[145.12069,-38.14854],[145.12628,-38.15004],[145.12645,-38.14929],[145.12697,-38.14842],[145.12889,-38.14918],[145.1287,-38.14941],[145.13165,-38.15186],[145.13259,-38.15312],[145.13202,-38.1544],[145.12042,-38.15121]]]},"properties":{"SA1_CODE_2021":"21401137141","totalResponses":341,"Australian":89,"English":123,"Irish":36,"Scottish":36,"Italian":15,"Indian":14,"Chinese":12,"Greek":9,"German":17,"Dutch":29,"SriLankan":4,"Filipino":11}},{"type":"Feature","geometry":{"type":"Polygon","coordinates":[[[145.12078,-38.15131],[145.12523,-38.15253],[145.12419,-38.15495],[145.11852,-38.15343],[145.11957,-38.15098],[145.12078,-38.15131]]]},"properties":{"SA1_CODE_2021":"21401137121","totalResponses":594,"Australian":203,"English":244,"Irish":65,"Scottish":53,"Italian":25,"Indian":18,"Chinese":11,"Greek":13,"German":26,"Dutch":12,"SriLankan":0,"Filipino":12}},{"type":"Feature","geometry":{"type":"Polygon","coordinates":[[[145.12215,-38.13709],[145.12234,-38.1365],[145.12294,-38.13547],[145.1241,-38.13578],[145.12416,-38.13541],[145.12903,-38.13676],[145.12701,-38.14145],[145.12684,-38.14141],[145.12533,-38.14493],[145.12528,-38.14621],[145.12543,-38.14627],[145.12533,-38.14642],[145.12568,-38.14728],[145.12632,-38.148],[145.12697,-38.14842],[145.12645,-38.14929],[145.12628,-38.15004],[145.11827,-38.14782],[145.11724,-38.14768],[145.11713,-38.14755],[145.11788,-38.14717],[145.11579,-38.14646],[145.11625,-38.14576],[145.11785,-38.14615],[145.11834,-38.1459],[145.11942,-38.14364],[145.12002,-38.14263],[145.12077,-38.14175],[145.12147,-38.13994],[145.12123,-38.13984],[145.12148,-38.13949],[145.12157,-38.13871],[145.12215,-38.13709]]]},"properties":{"SA1_CODE_2021":"21401137151","totalResponses":780,"Australian":201,"English":246,"Irish":73,"Scottish":65,"Italian":16,"Indian":7,"Chinese":39,"Greek":9,"German":17,"Dutch":9,"SriLankan":3,"Filipino":19}},{"type":"Feature","geometry":{"type":"Polygon","coordinates":[[[145.11647,-38.15019],[145.11621,-38.14995],[145.11623,-38.14977],[145.11705,-38.14785],[145.11724,-38.14768],[145.11827,-38.14782],[145.12069,-38.14854],[145.11904,-38.15222],[145.11566,-38.1515],[145.11628,-38.1508],[145.11647,-38.15019]]]},"properties":{"SA1_CODE_2021":"21401137138","totalResponses":474,"Australian":108,"English":238,"Irish":64,"Scottish":57,"Italian":11,"Indian":9,"Chinese":11,"Greek":10,"German":28,"Dutch":11,"SriLankan":0,"Filipino":5}},{"type":"Feature","geometry":{"type":"Polygon","coordinates":[[[145.13222,-38.1491],[145.13336,-38.1464],[145.13574,-38.14666],[145.13362,-38.15173],[145.13348,-38.15252],[145.13312,-38.15272],[145.13299,-38.15296],[145.1324,-38.15287],[145.13165,-38.15186],[145.1287,-38.14941],[145.12889,-38.14918],[145.12804,-38.14891],[145.1284,-38.1481],[145.13222,-38.1491]]]},"properties":{"SA1_CODE_2021":"21401137155","totalResponses":368,"Australian":94,"English":115,"Irish":24,"Scottish":14,"Italian":7,"Indian":6,"Chinese":14,"Greek":0,"German":18,"Dutch":8,"SriLankan":0,"Filipino":9}},{"type":"Feature","geometry":{"type":"Polygon","coordinates":[[[145.12543,-38.14627],[145.12611,-38.14576],[145.12697,-38.14561],[145.13336,-38.1464],[145.13222,-38.1491],[145.1284,-38.1481],[145.12804,-38.14891],[145.12772,-38.14879],[145.12632,-38.148],[145.12568,-38.14728],[145.12533,-38.14642],[145.12543,-38.14627]]]},"properties":{"SA1_CODE_2021":"21401137132","totalResponses":498,"Australian":168,"English":196,"Irish":61,"Scottish":51,"Italian":18,"Indian":14,"Chinese":13,"Greek":6,"German":19,"Dutch":11,"SriLankan":4,"Filipino":0}},{"type":"Feature","geometry":{"type":"Polygon","coordinates":[[[145.13626,-38.15495],[145.13567,-38.1548],[145.13584,-38.1544],[145.13372,-38.1539],[145.13377,-38.1536],[145.13349,-38.15224],[145.1341,-38.15057],[145.1412,-38.15246],[145.13954,-38.15608],[145.13748,-38.15552],[145.13757,-38.1553],[145.13626,-38.15495]]]},"properties":{"SA1_CODE_2021":"21401137109","totalResponses":437,"Australian":124,"English":153,"Irish":38,"Scottish":47,"Italian":15,"Indian":19,"Chinese":59,"Greek":6,"German":12,"Dutch":8,"SriLankan":3,"Filipino":18}},{"type":"Feature","geometry":{"type":"Polygon","coordinates":[[[145.13476,-38.14896],[145.13574,-38.14666],[145.13751,-38.1464],[145.13814,-38.14645],[145.14369,-38.14797],[145.14258,-38.1502],[145.1416,-38.15257],[145.1341,-38.15057],[145.13476,-38.14896]]]},"properties":{"SA1_CODE_2021":"21401137135","totalResponses":519,"Australian":156,"English":203,"Irish":56,"Scottish":55,"Italian":22,"Indian":13,"Chinese":29,"Greek":15,"German":20,"Dutch":11,"SriLankan":0,"Filipino":5}},{"type":"Feature","geometry":{"type":"Polygon","coordinates":[[[145.14927,-38.14987],[145.15128,-38.15079],[145.14945,-38.15512],[145.14818,-38.15612],[145.14602,-38.15457],[145.14428,-38.15351],[145.1416,-38.15257],[145.14258,-38.1502],[145.14369,-38.14797],[145.14712,-38.14889],[145.14927,-38.14987]]]},"properties":{"SA1_CODE_2021":"21401137136","totalResponses":488,"Australian":157,"English":200,"Irish":45,"Scottish":54,"Italian":16,"Indian":3,"Chinese":6,"Greek":15,"German":26,"Dutch":15,"SriLankan":3,"Filipino":9}},{"type":"Feature","geometry":{"type":"Polygon","coordinates":[[[145.14501,-38.14457],[145.14572,-38.14266],[145.14606,-38.14224],[145.1489,-38.14309],[145.14835,-38.14433],[145.14868,-38.14441],[145.14813,-38.14612],[145.14818,-38.14625],[145.14785,-38.1466],[145.14775,-38.14691],[145.14798,-38.14786],[145.14749,-38.14906],[145.14597,-38.14858],[145.14605,-38.1484],[145.1441,-38.14749],[145.14501,-38.14457]]]},"properties":{"SA1_CODE_2021":"21401137205","totalResponses":388,"Australian":135,"English":153,"Irish":40,"Scottish":35,"Italian":25,"Indian":0,"Chinese":0,"Greek":6,"German":20,"Dutch":6,"SriLankan":0,"Filipino":7}},{"type":"Feature","geometry":{"type":"Polygon","coordinates":[[[145.14972,-38.14662],[145.14989,-38.14622],[145.15196,-38.14681],[145.15147,-38.14766],[145.15032,-38.15035],[145.14749,-38.14906],[145.14798,-38.14786],[145.14775,-38.14691],[145.14819,-38.14622],[145.14972,-38.14662]]]},"properties":{"SA1_CODE_2021":"21401137207","totalResponses":295,"Australian":98,"English":125,"Irish":32,"Scottish":37,"Italian":7,"Indian":11,"Chinese":0,"Greek":7,"German":7,"Dutch":11,"SriLankan":0,"Filipino":0}},{"type":"Feature","geometry":{"type":"Polygon","coordinates":[[[145.15054,-38.1525],[145.15128,-38.15079],[145.15369,-38.15185],[145.15665,-38.15264],[145.15609,-38.15567],[145.15506,-38.15579],[145.15471,-38.15508],[145.15423,-38.15454],[145.15351,-38.15404],[145.15259,-38.15363],[145.1522,-38.15352],[145.15193,-38.15417],[145.15005,-38.15369],[145.15054,-38.1525]]]},"properties":{"SA1_CODE_2021":"21401137145","totalResponses":383,"Australian":148,"English":177,"Irish":52,"Scottish":67,"Italian":14,"Indian":11,"Chinese":9,"Greek":7,"German":16,"Dutch":9,"SriLankan":0,"Filipino":0}},{"type":"Feature","geometry":{"type":"Polygon","coordinates":[[[145.15366,-38.15],[145.15388,-38.14952],[145.15699,-38.15038],[145.15672,-38.15099],[145.15678,-38.15127],[145.15728,-38.15125],[145.15775,-38.1515],[145.15738,-38.15261],[145.15715,-38.15277],[145.15369,-38.15185],[145.15301,-38.15156],[145.15366,-38.15]]]},"properties":{"SA1_CODE_2021":"21401137219","totalResponses":203,"Australian":69,"English":79,"Irish":23,"Scottish":25,"Italian":3,"Indian":3,"Chinese":3,"Greek":6,"German":8,"Dutch":7,"SriLankan":0,"Filipino":7}},{"type":"Feature","geometry":{"type":"Polygon","coordinates":[[[145.15094,-38.14891],[145.15196,-38.14681],[145.15279,-38.14718],[145.15337,-38.14707],[145.15376,-38.14737],[145.15471,-38.14763],[145.15301,-38.15156],[145.15032,-38.15035],[145.15094,-38.14891]]]},"properties":{"SA1_CODE_2021":"21401137208","totalResponses":361,"Australian":135,"English":143,"Irish":43,"Scottish":36,"Italian":10,"Indian":0,"Chinese":4,"Greek":16,"German":15,"Dutch":5,"SriLankan":0,"Filipino":5}},{"type":"Feature","geometry":{"type":"Polygon","coordinates":[[[145.15764,-38.14494],[145.15773,-38.1447],[145.15808,-38.1444],[145.15937,-38.14401],[145.16001,-38.14333],[145.16371,-38.14545],[145.16488,-38.14649],[145.16543,-38.14738],[145.1657,-38.14824],[145.16574,-38.1492],[145.16554,-38.1501],[145.17114,-38.15162],[145.16833,-38.15578],[145.15715,-38.15277],[145.15738,-38.15261],[145.15775,-38.1515],[145.15728,-38.15125],[145.15678,-38.15127],[145.15672,-38.15099],[145.15811,-38.14783],[145.15775,-38.14752],[145.15797,-38.14693],[145.15803,-38.14635],[145.15761,-38.14524],[145.15764,-38.14494]]]},"properties":{"SA1_CODE_2021":"21401137218","totalResponses":575,"Australian":173,"English":206,"Irish":68,"Scottish":54,"Italian":33,"Indian":4,"Chinese":18,"Greek":10,"German":16,"Dutch":11,"SriLankan":7,"Filipino":10}},{"type":"Feature","geometry":{"type":"Polygon","coordinates":[[[145.15557,-38.14568],[145.15592,-38.14491],[145.15767,-38.14539],[145.15797,-38.14601],[145.15802,-38.1467],[145.15775,-38.14752],[145.15811,-38.14783],[145.15699,-38.15038],[145.15388,-38.14952],[145.15557,-38.14568]]]},"properties":{"SA1_CODE_2021":"21401137201","totalResponses":404,"Australian":140,"English":151,"Irish":49,"Scottish":56,"Italian":9,"Indian":0,"Chinese":0,"Greek":4,"German":23,"Dutch":14,"SriLankan":0,"Filipino":4}},{"type":"Feature","geometry":{"type":"Polygon","coordinates":[[[145.15936,-38.15594],[145.15935,-38.15602],[145.15609,-38.15567],[145.15665,-38.15264],[145.16288,-38.1543],[145.16261,-38.15555],[145.16234,-38.15595],[145.16248,-38.15609],[145.1625,-38.15641],[145.16221,-38.15683],[145.16119,-38.15648],[145.15979,-38.15645],[145.15973,-38.15611],[145.15936,-38.15594]]]},"properties":{"SA1_CODE_2021":"21401137134","totalResponses":465,"Australian":167,"English":158,"Irish":38,"Scottish":60,"Italian":15,"Indian":0,"Chinese":12,"Greek":15,"German":27,"Dutch":11,"SriLankan":0,"Filipino":8}},{"type":"Feature","geometry":{"type":"Polygon","coordinates":[[[145.16955,-38.1489],[145.17008,-38.14767],[145.17007,-38.14729],[145.16989,-38.1469],[145.1703,-38.14673],[145.17039,-38.14616],[145.17056,-38.14591],[145.17169,-38.14603],[145.17172,-38.14517],[145.1712,-38.14447],[145.17179,-38.1441],[145.17322,-38.14427],[145.17298,-38.1465],[145.17256,-38.14819],[145.17114,-38.15162],[145.16554,-38.1501],[145.16563,-38.14983],[145.16674,-38.14993],[145.16875,-38.14949],[145.16921,-38.14926],[145.16955,-38.1489]]]},"properties":{"SA1_CODE_2021":"21401137216","totalResponses":429,"Australian":139,"English":165,"Irish":29,"Scottish":36,"Italian":18,"Indian":0,"Chinese":17,"Greek":13,"German":19,"Dutch":3,"SriLankan":0,"Filipino":9}},{"type":"Feature","geometry":{"type":"Polygon","coordinates":[[[145.16563,-38.14793],[145.16516,-38.14689],[145.16731,-38.14616],[145.16832,-38.14618],[145.16935,-38.14649],[145.16983,-38.14683],[145.17009,-38.14737],[145.17003,-38.14785],[145.1693,-38.14919],[145.16875,-38.14949],[145.16695,-38.14991],[145.16563,-38.14983],[145.16575,-38.14896],[145.16563,-38.14793]]]},"properties":{"SA1_CODE_2021":"21401137217","totalResponses":474,"Australian":148,"English":210,"Irish":55,"Scottish":55,"Italian":24,"Indian":0,"Chinese":19,"Greek":15,"German":15,"Dutch":5,"SriLankan":0,"Filipino":15}},{"type":"Feature","geometry":{"type":"Polygon","coordinates":[[[145.17231,-38.14895],[145.17282,-38.14727],[145.17315,-38.14536],[145.17335,-38.14177],[145.17316,-38.13948],[145.17693,-38.14051],[145.17665,-38.14239],[145.17474,-38.14678],[145.17705,-38.14734],[145.17543,-38.15107],[145.17412,-38.15118],[145.17324,-38.15322],[145.1726,-38.15329],[145.17198,-38.15312],[145.17068,-38.15607],[145.17068,-38.15633],[145.16833,-38.15578],[145.17114,-38.15162],[145.17231,-38.14895]]]},"properties":{"SA1_CODE_2021":"21401137428","totalResponses":594,"Australian":199,"English":246,"Irish":61,"Scottish":55,"Italian":22,"Indian":6,"Chinese":0,"Greek":9,"German":25,"Dutch":17,"SriLankan":0,"Filipino":3}},{"type":"Feature","geometry":{"type":"Polygon","coordinates":[[[145.17126,-38.15474],[145.17198,-38.15312],[145.1726,-38.15329],[145.18042,-38.15245],[145.18197,-38.15197],[145.18125,-38.15521],[145.17068,-38.15633],[145.17068,-38.15607],[145.17126,-38.15474]]]},"properties":{"SA1_CODE_2021":"21401137442","totalResponses":612,"Australian":207,"English":298,"Irish":83,"Scottish":60,"Italian":37,"Indian":6,"Chinese":15,"Greek":13,"German":35,"Dutch":12,"SriLankan":4,"Filipino":7}},{"type":"Feature","geometry":{"type":"Polygon","coordinates":[[[145.17543,-38.15107],[145.17608,-38.14956],[145.18051,-38.15004],[145.18002,-38.15249],[145.17324,-38.15322],[145.17412,-38.15118],[145.17543,-38.15107]]]},"properties":{"SA1_CODE_2021":"21401137430","totalResponses":401,"Australian":146,"English":212,"Irish":43,"Scottish":61,"Italian":14,"Indian":4,"Chinese":0,"Greek":7,"German":10,"Dutch":10,"SriLankan":3,"Filipino":0}},{"type":"Feature","geometry":{"type":"Polygon","coordinates":[[[145.17685,-38.1478],[145.17705,-38.14734],[145.17474,-38.14678],[145.17551,-38.14502],[145.18365,-38.14594],[145.18251,-38.15192],[145.18002,-38.15249],[145.18051,-38.15004],[145.17608,-38.14956],[145.17685,-38.1478]]]},"properties":{"SA1_CODE_2021":"21401137429","totalResponses":577,"Australian":227,"English":254,"Irish":83,"Scottish":74,"Italian":13,"Indian":3,"Chinese":0,"Greek":8,"German":24,"Dutch":13,"SriLankan":4,"Filipino":0}},{"type":"Feature","geometry":{"type":"Polygon","coordinates":[[[145.19326,-38.1702],[145.19337,-38.17012],[145.19357,-38.16912],[145.19258,-38.169],[145.19311,-38.16622],[145.19361,-38.16618],[145.19377,-38.16561],[145.20034,-38.16638],[145.1999,-38.16893],[145.19965,-38.16964],[145.19867,-38.17097],[145.19707,-38.1723],[145.19658,-38.17305],[145.19509,-38.18111],[145.18552,-38.17996],[145.18602,-38.17848],[145.18773,-38.16953],[145.19326,-38.1702]]]},"properties":{"SA1_CODE_2021":"21401137437","totalResponses":397,"Australian":159,"English":184,"Irish":53,"Scottish":57,"Italian":23,"Indian":3,"Chinese":9,"Greek":0,"German":21,"Dutch":16,"SriLankan":0,"Filipino":6}},{"type":"Feature","geometry":{"type":"Polygon","coordinates":[[[145.19653,-38.17324],[145.19688,-38.17251],[145.19867,-38.17097],[145.19965,-38.16964],[145.1999,-38.16893],[145.20034,-38.16638],[145.20848,-38.16733],[145.20745,-38.17259],[145.20589,-38.17249],[145.20492,-38.17765],[145.20503,-38.17777],[145.20494,-38.17821],[145.19583,-38.17723],[145.19653,-38.17324]]]},"properties":{"SA1_CODE_2021":"21401137439","totalResponses":245,"Australian":94,"English":124,"Irish":33,"Scottish":31,"Italian":13,"Indian":0,"Chinese":4,"Greek":0,"German":9,"Dutch":3,"SriLankan":0,"Filipino":0}},{"type":"Feature","geometry":{"type":"Polygon","coordinates":[[[145.18218,-38.16545],[145.1824,-38.16426],[145.18859,-38.16497],[145.18791,-38.16855],[145.18477,-38.16818],[145.18489,-38.16751],[145.18187,-38.16713],[145.18218,-38.16545]]]},"properties":{"SA1_CODE_2021":"21401137406","totalResponses":609,"Australian":212,"English":274,"Irish":62,"Scottish":65,"Italian":14,"Indian":12,"Chinese":3,"Greek":5,"German":25,"Dutch":19,"SriLankan":0,"Filipino":3}},{"type":"Feature","geometry":{"type":"Polygon","coordinates":[[[145.18826,-38.16673],[145.18859,-38.16497],[145.19377,-38.16561],[145.19361,-38.16618],[145.19311,-38.16622],[145.19258,-38.169],[145.19357,-38.16912],[145.19337,-38.17012],[145.19326,-38.1702],[145.18773,-38.16953],[145.18826,-38.16673]]]},"properties":{"SA1_CODE_2021":"21401137436","totalResponses":588,"Australian":225,"English":263,"Irish":88,"Scottish":83,"Italian":26,"Indian":0,"Chinese":5,"Greek":13,"German":23,"Dutch":18,"SriLankan":5,"Filipino":6}},{"type":"Feature","geometry":{"type":"Polygon","coordinates":[[[145.19012,-38.15696],[145.19038,-38.15557],[145.19315,-38.15584],[145.19295,-38.15513],[145.19529,-38.15539],[145.19563,-38.15659],[145.19564,-38.15738],[145.1946,-38.15806],[145.19481,-38.15927],[145.19562,-38.15987],[145.19581,-38.16097],[145.19496,-38.16263],[145.19314,-38.16242],[145.19312,-38.16258],[145.19151,-38.1624],[145.19007,-38.16253],[145.18913,-38.16245],[145.19012,-38.15696]]]},"properties":{"SA1_CODE_2021":"21401137448","totalResponses":581,"Australian":254,"English":263,"Irish":62,"Scottish":65,"Italian":25,"Indian":4,"Chinese":3,"Greek":9,"German":49,"Dutch":10,"SriLankan":4,"Filipino":0}},{"type":"Feature","geometry":{"type":"Polygon","coordinates":[[[145.19492,-38.15785],[145.19564,-38.15738],[145.19563,-38.15659],[145.19538,-38.15571],[145.1959,-38.15567],[145.19809,-38.15592],[145.198,-38.15639],[145.20015,-38.15664],[145.20117,-38.15711],[145.20089,-38.15763],[145.20092,-38.15793],[145.19867,-38.15767],[145.19845,-38.15886],[145.19753,-38.15875],[145.19743,-38.15938],[145.19762,-38.16014],[145.19743,-38.16113],[145.1958,-38.16094],[145.19562,-38.15987],[145.19481,-38.15927],[145.1946,-38.15806],[145.19492,-38.15785]]]},"properties":{"SA1_CODE_2021":"21401137451","totalResponses":393,"Australian":157,"English":159,"Irish":51,"Scottish":58,"Italian":23,"Indian":9,"Chinese":8,"Greek":15,"German":17,"Dutch":10,"SriLankan":4,"Filipino":0}},{"type":"Feature","geometry":{"type":"Polygon","coordinates":[[[145.1853,-38.15663],[145.18548,-38.15571],[145.19024,-38.15631],[145.18935,-38.16097],[145.18247,-38.16016],[145.1829,-38.1579],[145.18502,-38.15815],[145.1853,-38.15663]]]},"properties":{"SA1_CODE_2021":"21401137405","totalResponses":525,"Australian":224,"English":241,"Irish":55,"Scottish":72,"Italian":21,"Indian":14,"Chinese":3,"Greek":7,"German":23,"Dutch":10,"SriLankan":3,"Filipino":7}},{"type":"Feature","geometry":{"type":"Polygon","coordinates":[[[145.18439,-38.16074],[145.18457,-38.1604],[145.18935,-38.16097],[145.18859,-38.16497],[145.18291,-38.16432],[145.18308,-38.16329],[145.18287,-38.16249],[145.18316,-38.16089],[145.18385,-38.16095],[145.18439,-38.16074]]]},"properties":{"SA1_CODE_2021":"21401137402","totalResponses":680,"Australian":330,"English":306,"Irish":82,"Scottish":88,"Italian":30,"Indian":3,"Chinese":9,"Greek":7,"German":25,"Dutch":14,"SriLankan":0,"Filipino":10}},{"type":"Feature","geometry":{"type":"Polygon","coordinates":[[[145.19086,-38.16245],[145.19167,-38.16241],[145.19312,-38.16258],[145.19314,-38.16242],[145.19496,-38.16263],[145.19458,-38.1657],[145.18859,-38.16497],[145.18913,-38.16245],[145.19086,-38.16245]]]},"properties":{"SA1_CODE_2021":"21401137434","totalResponses":452,"Australian":195,"English":204,"Irish":53,"Scottish":45,"Italian":16,"Indian":7,"Chinese":0,"Greek":3,"German":22,"Dutch":6,"SriLankan":0,"Filipino":4}},{"type":"Feature","geometry":{"type":"Polygon","coordinates":[[[145.19572,-38.16583],[145.19458,-38.1657],[145.19496,-38.16259],[145.1958,-38.16094],[145.19802,-38.1612],[145.19784,-38.16207],[145.19988,-38.16231],[145.19967,-38.1634],[145.20015,-38.16346],[145.19983,-38.16513],[145.20074,-38.16524],[145.20056,-38.16616],[145.20034,-38.16638],[145.19572,-38.16583]]]},"properties":{"SA1_CODE_2021":"21401137452","totalResponses":503,"Australian":196,"English":198,"Irish":42,"Scottish":52,"Italian":24,"Indian":0,"Chinese":0,"Greek":4,"German":12,"Dutch":8,"SriLankan":4,"Filipino":13}},{"type":"Feature","geometry":{"type":"Polygon","coordinates":[[[145.20423,-38.15998],[145.20244,-38.15978],[145.20092,-38.15793],[145.20089,-38.15763],[145.20117,-38.15711],[145.20234,-38.15722],[145.2049,-38.15783],[145.20634,-38.15772],[145.20854,-38.15798],[145.20799,-38.16088],[145.20532,-38.16056],[145.20423,-38.15998]]]},"properties":{"SA1_CODE_2021":"21401137408","totalResponses":514,"Australian":252,"English":228,"Irish":43,"Scottish":50,"Italian":14,"Indian":8,"Chinese":0,"Greek":7,"German":20,"Dutch":6,"SriLankan":0,"Filipino":0}},{"type":"Feature","geometry":{"type":"Polygon","coordinates":[[[145.204,-38.15649],[145.20429,-38.15608],[145.20416,-38.15466],[145.20443,-38.15379],[145.2083,-38.15544],[145.209,-38.15556],[145.20854,-38.15798],[145.20634,-38.15772],[145.2049,-38.15783],[145.2043,-38.15772],[145.20363,-38.15749],[145.20377,-38.15659],[145.204,-38.15649]]]},"properties":{"SA1_CODE_2021":"21401137432","totalResponses":396,"Australian":183,"English":174,"Irish":41,"Scottish":39,"Italian":13,"Indian":3,"Chinese":8,"Greek":5,"German":16,"Dutch":3,"SriLankan":0,"Filipino":4}},{"type":"Feature","geometry":{"type":"Polygon","coordinates":[[[145.19988,-38.16231],[145.19784,-38.16207],[145.19802,-38.1612],[145.19743,-38.16113],[145.19762,-38.16014],[145.19743,-38.15938],[145.19753,-38.15875],[145.19845,-38.15886],[145.19867,-38.15767],[145.20092,-38.15793],[145.20244,-38.15978],[145.20427,-38.15999],[145.20532,-38.16056],[145.20799,-38.16088],[145.2068,-38.16713],[145.20034,-38.16638],[145.20056,-38.16616],[145.20074,-38.16524],[145.19983,-38.16513],[145.20015,-38.16346],[145.19967,-38.1634],[145.19988,-38.16231]]]},"properties":{"SA1_CODE_2021":"21401137455","totalResponses":925,"Australian":457,"English":426,"Irish":87,"Scottish":110,"Italian":46,"Indian":7,"Chinese":4,"Greek":5,"German":26,"Dutch":34,"SriLankan":6,"Filipino":4}},{"type":"Feature","geometry":{"type":"Polygon","coordinates":[[[145.18371,-38.1505],[145.18382,-38.14996],[145.1853,-38.15062],[145.18704,-38.15089],[145.18666,-38.15288],[145.1869,-38.15347],[145.18125,-38.15521],[145.18197,-38.15197],[145.18251,-38.15192],[145.18282,-38.1504],[145.18371,-38.1505]]]},"properties":{"SA1_CODE_2021":"21401137401","totalResponses":417,"Australian":178,"English":177,"Irish":44,"Scottish":53,"Italian":12,"Indian":0,"Chinese":0,"Greek":0,"German":13,"Dutch":7,"SriLankan":4,"Filipino":8}},{"type":"Feature","geometry":{"type":"Polygon","coordinates":[[[145.18844,-38.15299],[145.19102,-38.15219],[145.19024,-38.15631],[145.18548,-38.15571],[145.18584,-38.15379],[145.18844,-38.15299]]]},"properties":{"SA1_CODE_2021":"21401137403","totalResponses":341,"Australian":130,"English":147,"Irish":48,"Scottish":40,"Italian":21,"Indian":3,"Chinese":0,"Greek":7,"German":17,"Dutch":8,"SriLankan":0,"Filipino":0}},{"type":"Feature","geometry":{"type":"Polygon","coordinates":[[[145.19438,-38.15105],[145.19512,-38.1507],[145.19666,-38.14921],[145.19791,-38.15014],[145.19913,-38.15192],[145.20013,-38.15278],[145.19959,-38.15315],[145.19966,-38.1533],[145.19554,-38.15277],[145.19495,-38.15324],[145.19485,-38.15379],[145.19529,-38.15539],[145.19295,-38.15513],[145.19315,-38.15584],[145.19038,-38.15557],[145.19102,-38.15219],[145.19438,-38.15105]]]},"properties":{"SA1_CODE_2021":"21401137449","totalResponses":340,"Australian":111,"English":127,"Irish":35,"Scottish":44,"Italian":3,"Indian":0,"Chinese":0,"Greek":4,"German":19,"Dutch":32,"SriLankan":0,"Filipino":4}},{"type":"Feature","geometry":{"type":"Polygon","coordinates":[[[145.19749,-38.15585],[145.19538,-38.15571],[145.19485,-38.15379],[145.19495,-38.15324],[145.19554,-38.15277],[145.19966,-38.1533],[145.19906,-38.15651],[145.198,-38.15639],[145.19809,-38.15592],[145.19749,-38.15585]]]},"properties":{"SA1_CODE_2021":"21401137450","totalResponses":325,"Australian":134,"English":128,"Irish":33,"Scottish":50,"Italian":13,"Indian":3,"Chinese":0,"Greek":12,"German":14,"Dutch":6,"SriLankan":5,"Filipino":0}},{"type":"Feature","geometry":{"type":"Polygon","coordinates":[[[145.18693,-38.15149],[145.18723,-38.14992],[145.1911,-38.15037],[145.19074,-38.15228],[145.1869,-38.15347],[145.18666,-38.15288],[145.18693,-38.15149]]]},"properties":{"SA1_CODE_2021":"21401137423","totalResponses":266,"Australian":110,"English":135,"Irish":40,"Scottish":33,"Italian":8,"Indian":0,"Chinese":5,"Greek":3,"German":8,"Dutch":12,"SriLankan":4,"Filipino":3}},{"type":"Feature","geometry":{"type":"Polygon","coordinates":[[[145.18835,-38.14689],[145.1871,-38.14674],[145.18725,-38.14586],[145.18745,-38.14588],[145.18763,-38.14486],[145.18948,-38.14534],[145.19058,-38.1453],[145.19236,-38.14484],[145.19383,-38.14477],[145.19481,-38.14558],[145.1952,-38.14716],[145.19643,-38.14822],[145.1967,-38.14839],[145.19693,-38.14815],[145.19716,-38.14823],[145.19745,-38.14785],[145.1978,-38.14806],[145.19512,-38.1507],[145.19389,-38.15124],[145.19074,-38.15228],[145.1911,-38.15037],[145.18776,-38.14996],[145.18835,-38.14689]]]},"properties":{"SA1_CODE_2021":"21401137420","totalResponses":347,"Australian":164,"English":160,"Irish":43,"Scottish":36,"Italian":22,"Indian":0,"Chinese":7,"Greek":0,"German":13,"Dutch":11,"SriLankan":0,"Filipino":4}},{"type":"Feature","geometry":{"type":"Polygon","coordinates":[[[145.1832,-38.14856],[145.18365,-38.14594],[145.18717,-38.14633],[145.1871,-38.14674],[145.18835,-38.14689],[145.18776,-38.14999],[145.18723,-38.14992],[145.18704,-38.15089],[145.1853,-38.15062],[145.18382,-38.14996],[145.18371,-38.1505],[145.18282,-38.1504],[145.1832,-38.14856]]]},"properties":{"SA1_CODE_2021":"21401137424","totalResponses":566,"Australian":234,"English":244,"Irish":59,"Scottish":60,"Italian":20,"Indian":5,"Chinese":4,"Greek":6,"German":34,"Dutch":34,"SriLankan":0,"Filipino":0}},{"type":"Feature","geometry":{"type":"Polygon","coordinates":[[[145.20506,-38.15398],[145.20391,-38.15368],[145.20181,-38.15345],[145.20064,-38.15306],[145.20191,-38.15158],[145.20282,-38.15099],[145.20364,-38.15066],[145.20499,-38.15029],[145.20532,-38.1508],[145.20539,-38.15118],[145.20589,-38.15133],[145.20581,-38.15148],[145.20597,-38.15152],[145.20604,-38.15138],[145.20641,-38.15143],[145.20627,-38.15215],[145.20957,-38.15253],[145.209,-38.15556],[145.2083,-38.15544],[145.20506,-38.15398]]]},"properties":{"SA1_CODE_2021":"21401137417","totalResponses":574,"Australian":271,"English":244,"Irish":59,"Scottish":63,"Italian":24,"Indian":3,"Chinese":7,"Greek":3,"German":12,"Dutch":19,"SriLankan":0,"Filipino":4}},{"type":"Feature","geometry":{"type":"Polygon","coordinates":[[[145.20538,-38.15098],[145.20499,-38.15029],[145.20591,-38.14967],[145.20631,-38.14914],[145.20654,-38.14858],[145.2084,-38.14902],[145.21021,-38.14921],[145.20957,-38.15253],[145.20627,-38.15215],[145.20641,-38.15143],[145.20581,-38.15148],[145.20589,-38.15133],[145.20539,-38.15118],[145.20538,-38.15098]]]},"properties":{"SA1_CODE_2021":"21401137418","totalResponses":304,"Australian":150,"English":128,"Irish":33,"Scottish":43,"Italian":18,"Indian":5,"Chinese":0,"Greek":7,"German":11,"Dutch":6,"SriLankan":0,"Filipino":0}},{"type":"Feature","geometry":{"type":"Polygon","coordinates":[[[145.20178,-38.14708],[145.2022,-38.14693],[145.20263,-38.147],[145.20494,-38.1488],[145.20612,-38.14942],[145.20517,-38.1502],[145.20318,-38.15083],[145.20269,-38.14986],[145.202,-38.14931],[145.20157,-38.14965],[145.20146,-38.14959],[145.20027,-38.1483],[145.20019,-38.14834],[145.19983,-38.14772],[145.19952,-38.14752],[145.19905,-38.14744],[145.20148,-38.1463],[145.20178,-38.14708]]]},"properties":{"SA1_CODE_2021":"21401137425","totalResponses":340,"Australian":112,"English":187,"Irish":32,"Scottish":35,"Italian":12,"Indian":0,"Chinese":0,"Greek":0,"German":19,"Dutch":12,"SriLankan":3,"Filipino":0}},{"type":"Feature","geometry":{"type":"Polygon","coordinates":[[[145.20629,-38.1464],[145.20617,-38.14618],[145.20655,-38.146],[145.2064,-38.1458],[145.20756,-38.14527],[145.20749,-38.14568],[145.20958,-38.14593],[145.20967,-38.14594],[145.20975,-38.14549],[145.21089,-38.14562],[145.21021,-38.14921],[145.2084,-38.14902],[145.20654,-38.14858],[145.20661,-38.14738],[145.20629,-38.1464]]]},"properties":{"SA1_CODE_2021":"21401137416","totalResponses":340,"Australian":136,"English":138,"Irish":31,"Scottish":28,"Italian":19,"Indian":4,"Chinese":3,"Greek":7,"German":13,"Dutch":19,"SriLankan":0,"Filipino":0}},{"type":"Feature","geometry":{"type":"Polygon","coordinates":[[[145.20318,-38.14743],[145.20248,-38.14694],[145.20178,-38.14708],[145.20148,-38.1463],[145.20508,-38.14466],[145.20613,-38.14613],[145.20653,-38.147],[145.20662,-38.14815],[145.20631,-38.14914],[145.20612,-38.14942],[145.20529,-38.14902],[145.20318,-38.14743]]]},"properties":{"SA1_CODE_2021":"21401137431","totalResponses":333,"Australian":127,"English":161,"Irish":24,"Scottish":35,"Italian":16,"Indian":0,"Chinese":10,"Greek":0,"German":21,"Dutch":11,"SriLankan":0,"Filipino":0}},{"type":"Feature","geometry":{"type":"Polygon","coordinates":[[[145.19852,-38.151],[145.19777,-38.15],[145.19666,-38.14921],[145.19787,-38.148],[145.19905,-38.14744],[145.19952,-38.14752],[145.19983,-38.14772],[145.20019,-38.14834],[145.20027,-38.1483],[145.20146,-38.14959],[145.20157,-38.14965],[145.202,-38.14931],[145.20269,-38.14986],[145.20319,-38.15075],[145.20174,-38.15172],[145.20064,-38.15306],[145.19937,-38.15218],[145.19852,-38.151]]]},"properties":{"SA1_CODE_2021":"21401137419","totalResponses":381,"Australian":142,"English":170,"Irish":23,"Scottish":47,"Italian":18,"Indian":4,"Chinese":0,"Greek":11,"German":11,"Dutch":17,"SriLankan":0,"Filipino":0}},{"type":"Feature","geometry":{"type":"Polygon","coordinates":[[[145.19966,-38.1533],[145.19959,-38.15315],[145.20013,-38.15278],[145.20169,-38.15342],[145.20443,-38.15379],[145.20416,-38.15466],[145.20428,-38.15614],[145.20412,-38.1564],[145.20377,-38.15659],[145.20363,-38.15749],[145.20113,-38.1571],[145.20015,-38.15664],[145.19906,-38.15651],[145.19966,-38.1533]]]},"properties":{"SA1_CODE_2021":"21401137433","totalResponses":381,"Australian":168,"English":178,"Irish":38,"Scottish":53,"Italian":17,"Indian":3,"Chinese":10,"Greek":12,"German":6,"Dutch":10,"SriLankan":0,"Filipino":0}},{"type":"Feature","geometry":{"type":"Polygon","coordinates":[[[145.134,-38.14027],[145.13465,-38.13881],[145.13561,-38.13907],[145.13585,-38.13852],[145.13587,-38.13742],[145.1366,-38.13761],[145.13645,-38.14402],[145.13281,-38.14303],[145.134,-38.14027]]]},"properties":{"SA1_CODE_2021":"21401137130","totalResponses":405,"Australian":103,"English":135,"Irish":37,"Scottish":36,"Italian":7,"Indian":5,"Chinese":14,"Greek":10,"German":18,"Dutch":7,"SriLankan":0,"Filipino":9}},{"type":"Feature","geometry":{"type":"Polygon","coordinates":[[[145.13399,-38.12846],[145.13425,-38.12829],[145.13798,-38.12876],[145.13678,-38.1315],[145.14145,-38.13277],[145.13685,-38.14341],[145.13682,-38.14413],[145.13645,-38.14402],[145.13667,-38.13541],[145.13657,-38.13389],[145.13586,-38.1324],[145.13415,-38.13035],[145.13359,-38.12923],[145.13338,-38.12855],[145.13399,-38.12846]]]},"properties":{"SA1_CODE_2021":"21401137214","totalResponses":597,"Australian":180,"English":266,"Irish":61,"Scottish":66,"Italian":23,"Indian":9,"Chinese":14,"Greek":18,"German":20,"Dutch":5,"SriLankan":6,"Filipino":10}},{"type":"Feature","geometry":{"type":"Polygon","coordinates":[[[145.13858,-38.13934],[145.13965,-38.13691],[145.13979,-38.13694],[145.14106,-38.13797],[145.14174,-38.13931],[145.14219,-38.13917],[145.14277,-38.14035],[145.14172,-38.14073],[145.14047,-38.14183],[145.14026,-38.14224],[145.13766,-38.14148],[145.13858,-38.13934]]]},"properties":{"SA1_CODE_2021":"21401137221","totalResponses":419,"Australian":119,"English":145,"Irish":62,"Scottish":31,"Italian":23,"Indian":0,"Chinese":31,"Greek":26,"German":8,"Dutch":6,"SriLankan":0,"Filipino":11}},{"type":"Feature","geometry":{"type":"Polygon","coordinates":[[[145.13682,-38.14413],[145.1368,-38.14359],[145.13766,-38.14148],[145.14026,-38.14224],[145.14047,-38.14183],[145.14149,-38.14094],[145.14276,-38.14134],[145.14264,-38.14169],[145.14267,-38.1422],[145.14099,-38.14605],[145.14605,-38.1484],[145.14597,-38.14858],[145.13814,-38.14645],[145.13751,-38.1464],[145.13574,-38.14666],[145.13643,-38.14494],[145.13645,-38.14402],[145.13682,-38.14413]]]},"properties":{"SA1_CODE_2021":"21401137225","totalResponses":646,"Australian":219,"English":268,"Irish":73,"Scottish":61,"Italian":30,"Indian":7,"Chinese":19,"Greek":15,"German":34,"Dutch":14,"SriLankan":0,"Filipino":7}},{"type":"Feature","geometry":{"type":"Polygon","coordinates":[[[145.13055,-38.13974],[145.13139,-38.13778],[145.13364,-38.13839],[145.13385,-38.13794],[145.13487,-38.13822],[145.13281,-38.14303],[145.12951,-38.14213],[145.13055,-38.13974]]]},"properties":{"SA1_CODE_2021":"21401137129","totalResponses":536,"Australian":146,"English":216,"Irish":73,"Scottish":61,"Italian":14,"Indian":3,"Chinese":13,"Greek":8,"German":20,"Dutch":15,"SriLankan":0,"Filipino":7}},{"type":"Feature","geometry":{"type":"Polygon","coordinates":[[[145.12792,-38.13931],[145.12885,-38.13718],[145.13136,-38.13786],[145.12951,-38.14213],[145.12701,-38.14145],[145.12792,-38.13931]]]},"properties":{"SA1_CODE_2021":"21401137123","totalResponses":407,"Australian":112,"English":119,"Irish":43,"Scottish":37,"Italian":9,"Indian":3,"Chinese":12,"Greek":16,"German":13,"Dutch":14,"SriLankan":0,"Filipino":6}},{"type":"Feature","geometry":{"type":"Polygon","coordinates":[[[145.13014,-38.146],[145.12682,-38.14562],[145.12611,-38.14576],[145.12543,-38.14627],[145.12528,-38.14621],[145.12533,-38.14493],[145.12684,-38.14141],[145.13645,-38.14402],[145.13643,-38.14494],[145.13574,-38.14666],[145.13014,-38.146]]]},"properties":{"SA1_CODE_2021":"21401137131","totalResponses":527,"Australian":186,"English":198,"Irish":41,"Scottish":43,"Italian":14,"Indian":15,"Chinese":26,"Greek":15,"German":23,"Dutch":10,"SriLankan":5,"Filipino":10}},{"type":"Feature","geometry":{"type":"Polygon","coordinates":[[[145.15171,-38.13945],[145.15189,-38.13872],[145.1533,-38.13876],[145.15401,-38.13974],[145.15614,-38.14082],[145.15584,-38.14118],[145.15573,-38.14169],[145.15529,-38.14172],[145.15538,-38.14219],[145.15515,-38.14247],[145.1532,-38.14277],[145.15235,-38.14305],[145.15156,-38.14297],[145.15241,-38.14095],[145.15228,-38.14057],[145.15162,-38.14019],[145.15142,-38.13994],[145.15145,-38.13942],[145.15171,-38.13945]]]},"properties":{"SA1_CODE_2021":"21401137203","totalResponses":322,"Australian":111,"English":146,"Irish":47,"Scottish":32,"Italian":21,"Indian":0,"Chinese":3,"Greek":8,"German":12,"Dutch":0,"SriLankan":0,"Filipino":9}},{"type":"Feature","geometry":{"type":"Polygon","coordinates":[[[145.15398,-38.13698],[145.1543,-38.13625],[145.15898,-38.13754],[145.15867,-38.13811],[145.1582,-38.13849],[145.15874,-38.13881],[145.15934,-38.13896],[145.1592,-38.1395],[145.15844,-38.14009],[145.15806,-38.14081],[145.15714,-38.14045],[145.15664,-38.14107],[145.15407,-38.13978],[145.15338,-38.13898],[145.15333,-38.13849],[145.15398,-38.13698]]]},"properties":{"SA1_CODE_2021":"21401137226","totalResponses":439,"Australian":160,"English":194,"Irish":60,"Scottish":43,"Italian":6,"Indian":9,"Chinese":3,"Greek":3,"German":13,"Dutch":0,"SriLankan":0,"Filipino":3}},{"type":"Feature","geometry":{"type":"Polygon","coordinates":[[[145.15934,-38.13896],[145.15874,-38.13881],[145.1582,-38.13849],[145.15867,-38.13811],[145.15898,-38.13754],[145.16337,-38.13872],[145.16307,-38.13925],[145.16242,-38.13946],[145.16191,-38.13979],[145.16284,-38.14101],[145.1608,-38.14141],[145.16104,-38.14215],[145.1603,-38.14244],[145.15958,-38.14306],[145.15664,-38.14107],[145.15714,-38.14045],[145.15806,-38.14081],[145.15844,-38.14009],[145.15918,-38.13955],[145.15934,-38.13896]]]},"properties":{"SA1_CODE_2021":"21401137227","totalResponses":488,"Australian":178,"English":193,"Irish":57,"Scottish":50,"Italian":16,"Indian":7,"Chinese":10,"Greek":0,"German":27,"Dutch":9,"SriLankan":0,"Filipino":4}},{"type":"Feature","geometry":{"type":"Polygon","coordinates":[[[145.15445,-38.14259],[145.15528,-38.14238],[145.15538,-38.14213],[145.15529,-38.14172],[145.15573,-38.14169],[145.15584,-38.14118],[145.15614,-38.14082],[145.16001,-38.14333],[145.15937,-38.14401],[145.15808,-38.1444],[145.15773,-38.1447],[145.1576,-38.14508],[145.15767,-38.14539],[145.15592,-38.14491],[145.15562,-38.14557],[145.15429,-38.14522],[145.1543,-38.14479],[145.15406,-38.14446],[145.1537,-38.14428],[145.15294,-38.14417],[145.15315,-38.14331],[145.15296,-38.14283],[145.15445,-38.14259]]]},"properties":{"SA1_CODE_2021":"21401137204","totalResponses":515,"Australian":143,"English":229,"Irish":69,"Scottish":75,"Italian":20,"Indian":0,"Chinese":13,"Greek":6,"German":19,"Dutch":5,"SriLankan":0,"Filipino":5}},{"type":"Feature","geometry":{"type":"Polygon","coordinates":[[[145.14727,-38.14165],[145.14774,-38.14116],[145.14861,-38.13921],[145.14904,-38.13878],[145.15007,-38.13848],[145.15189,-38.13872],[145.15171,-38.13945],[145.15145,-38.13942],[145.15139,-38.13984],[145.15157,-38.14015],[145.15228,-38.14057],[145.15241,-38.14095],[145.15156,-38.14297],[145.15222,-38.14306],[145.15296,-38.14283],[145.15315,-38.14331],[145.15294,-38.14417],[145.14606,-38.14224],[145.14727,-38.14165]]]},"properties":{"SA1_CODE_2021":"21401137202","totalResponses":598,"Australian":208,"English":235,"Irish":84,"Scottish":54,"Italian":19,"Indian":3,"Chinese":10,"Greek":3,"German":21,"Dutch":13,"SriLankan":0,"Filipino":13}},{"type":"Feature","geometry":{"type":"Polygon","coordinates":[[[145.14445,-38.13969],[145.14497,-38.13925],[145.14536,-38.13874],[145.14638,-38.13642],[145.14717,-38.13664],[145.14709,-38.13684],[145.14847,-38.13721],[145.14882,-38.13896],[145.14774,-38.14116],[145.14727,-38.14165],[145.14632,-38.14206],[145.14591,-38.14238],[145.14506,-38.14193],[145.14149,-38.14094],[145.14191,-38.14062],[145.14377,-38.14003],[145.14445,-38.13969]]]},"properties":{"SA1_CODE_2021":"21401137223","totalResponses":586,"Australian":198,"English":222,"Irish":51,"Scottish":46,"Italian":0,"Indian":8,"Chinese":0,"Greek":7,"German":20,"Dutch":0,"SriLankan":0,"Filipino":15}},{"type":"Feature","geometry":{"type":"Polygon","coordinates":[[[145.14868,-38.14441],[145.14835,-38.14433],[145.1489,-38.14309],[145.15274,-38.14414],[145.15376,-38.1443],[145.15426,-38.1447],[145.15429,-38.14522],[145.15562,-38.14557],[145.15471,-38.14763],[145.15376,-38.14737],[145.15337,-38.14707],[145.15279,-38.14718],[145.15171,-38.14672],[145.14989,-38.14622],[145.14972,-38.14662],[145.14819,-38.14622],[145.14813,-38.14612],[145.14868,-38.14441]]]},"properties":{"SA1_CODE_2021":"21401137206","totalResponses":564,"Australian":177,"English":218,"Irish":54,"Scottish":63,"Italian":23,"Indian":4,"Chinese":12,"Greek":20,"German":13,"Dutch":10,"SriLankan":8,"Filipino":3}},{"type":"Feature","geometry":{"type":"Polygon","coordinates":[[[145.14164,-38.14457],[145.14267,-38.1422],[145.14264,-38.14169],[145.14276,-38.14134],[145.14506,-38.14193],[145.14591,-38.14238],[145.14534,-38.14352],[145.1441,-38.14749],[145.14099,-38.14605],[145.14164,-38.14457]]]},"properties":{"SA1_CODE_2021":"21401137224","totalResponses":485,"Australian":173,"English":179,"Irish":42,"Scottish":38,"Italian":9,"Indian":3,"Chinese":14,"Greek":5,"German":24,"Dutch":20,"SriLankan":4,"Filipino":12}},{"type":"Feature","geometry":{"type":"Polygon","coordinates":[[[145.14412,-38.1363],[145.14437,-38.13622],[145.14452,-38.13601],[145.14632,-38.13657],[145.14544,-38.13859],[145.14497,-38.13925],[145.14412,-38.13988],[145.14277,-38.14035],[145.14219,-38.13917],[145.14174,-38.13931],[145.14106,-38.13797],[145.14017,-38.13721],[145.14182,-38.13647],[145.14412,-38.1363]]]},"properties":{"SA1_CODE_2021":"21401137220","totalResponses":433,"Australian":155,"English":177,"Irish":65,"Scottish":39,"Italian":24,"Indian":0,"Chinese":12,"Greek":4,"German":14,"Dutch":0,"SriLankan":0,"Filipino":3}},{"type":"Feature","geometry":{"type":"Polygon","coordinates":[[[145.16371,-38.12784],[145.16141,-38.12756],[145.16186,-38.12525],[145.16346,-38.12493],[145.16762,-38.12304],[145.16539,-38.12],[145.1643,-38.11805],[145.16398,-38.11738],[145.16308,-38.11336],[145.17526,-38.11486],[145.17385,-38.12193],[145.18196,-38.12675],[145.17823,-38.1317],[145.17693,-38.14051],[145.17316,-38.13948],[145.1732,-38.13725],[145.17339,-38.13515],[145.16273,-38.13224],[145.16371,-38.12784]]]},"properties":{"SA1_CODE_2021":"21401137210","totalResponses":0,"Australian":0,"English":0,"Irish":0,"Scottish":0,"Italian":0,"Indian":0,"Chinese":0,"Greek":0,"German":0,"Dutch":0,"SriLankan":0,"Filipino":0}},{"type":"Feature","geometry":{"type":"Polygon","coordinates":[[[145.17665,-38.14239],[145.17823,-38.1317],[145.18309,-38.12525],[145.18588,-38.12418],[145.18605,-38.12648],[145.19363,-38.12708],[145.1935,-38.12817],[145.19675,-38.13257],[145.19822,-38.13189],[145.19995,-38.13423],[145.1982,-38.13701],[145.19748,-38.13966],[145.19609,-38.14014],[145.19511,-38.14181],[145.18505,-38.14096],[145.18495,-38.14164],[145.1867,-38.14407],[145.17633,-38.14313],[145.17665,-38.14239]]]},"properties":{"SA1_CODE_2021":"21401137435","totalResponses":0,"Australian":0,"English":0,"Irish":0,"Scottish":0,"Italian":0,"Indian":0,"Chinese":0,"Greek":0,"German":0,"Dutch":0,"SriLankan":0,"Filipino":0}},{"type":"Feature","geometry":{"type":"Polygon","coordinates":[[[145.17022,-38.13518],[145.16886,-38.13485],[145.1689,-38.13452],[145.16922,-38.134],[145.17339,-38.13515],[145.1732,-38.13725],[145.17316,-38.13948],[145.17333,-38.14146],[145.16815,-38.14002],[145.16861,-38.1392],[145.16992,-38.13854],[145.17033,-38.13771],[145.17026,-38.13707],[145.16999,-38.13678],[145.16959,-38.1366],[145.17022,-38.13518]]]},"properties":{"SA1_CODE_2021":"21401137213","totalResponses":468,"Australian":168,"English":187,"Irish":52,"Scottish":61,"Italian":25,"Indian":3,"Chinese":6,"Greek":5,"German":18,"Dutch":8,"SriLankan":0,"Filipino":9}},{"type":"Feature","geometry":{"type":"Polygon","coordinates":[[[145.16952,-38.14358],[145.16916,-38.14361],[145.16892,-38.14318],[145.16819,-38.14266],[145.16874,-38.14208],[145.1689,-38.14125],[145.1693,-38.14033],[145.17333,-38.14146],[145.17322,-38.14427],[145.17179,-38.1441],[145.1712,-38.14447],[145.17038,-38.14373],[145.16952,-38.14358]]]},"properties":{"SA1_CODE_2021":"21401137239","totalResponses":244,"Australian":74,"English":87,"Irish":13,"Scottish":28,"Italian":7,"Indian":8,"Chinese":9,"Greek":0,"German":20,"Dutch":0,"SriLankan":0,"Filipino":0}},{"type":"Feature","geometry":{"type":"Polygon","coordinates":[[[145.16675,-38.14109],[145.16556,-38.14026],[145.16625,-38.1395],[145.1693,-38.14033],[145.1689,-38.14125],[145.16874,-38.14208],[145.16819,-38.14266],[145.16748,-38.14211],[145.16675,-38.14109]]]},"properties":{"SA1_CODE_2021":"21401137229","totalResponses":213,"Australian":69,"English":77,"Irish":27,"Scottish":43,"Italian":7,"Indian":0,"Chinese":14,"Greek":0,"German":15,"Dutch":0,"SriLankan":0,"Filipino":0}},{"type":"Feature","geometry":{"type":"Polygon","coordinates":[[[145.1671,-38.13632],[145.16833,-38.13628],[145.16972,-38.13664],[145.17015,-38.13692],[145.17035,-38.13729],[145.17033,-38.13771],[145.16998,-38.13846],[145.16964,-38.13874],[145.16861,-38.1392],[145.16815,-38.14002],[145.16359,-38.13878],[145.16411,-38.13795],[145.1648,-38.13786],[145.16515,-38.13813],[145.1654,-38.13808],[145.1652,-38.13657],[145.16609,-38.13655],[145.1671,-38.13632]]]},"properties":{"SA1_CODE_2021":"21401137236","totalResponses":438,"Australian":137,"English":183,"Irish":47,"Scottish":65,"Italian":16,"Indian":7,"Chinese":12,"Greek":12,"German":15,"Dutch":11,"SriLankan":0,"Filipino":0}},{"type":"Feature","geometry":{"type":"Polygon","coordinates":[[[145.16674,-38.14413],[145.16763,-38.14363],[145.16847,-38.14285],[145.16898,-38.14324],[145.16916,-38.14361],[145.17004,-38.14361],[145.17069,-38.14395],[145.17165,-38.145],[145.17177,-38.14549],[145.17169,-38.14603],[145.17061,-38.14585],[145.17039,-38.14616],[145.1703,-38.14673],[145.16989,-38.1469],[145.16935,-38.14649],[145.16832,-38.14618],[145.16731,-38.14616],[145.16636,-38.14642],[145.16597,-38.14576],[145.16591,-38.14516],[145.16617,-38.1446],[145.16674,-38.14413]]]},"properties":{"SA1_CODE_2021":"21401137240","totalResponses":427,"Australian":175,"English":173,"Irish":27,"Scottish":45,"Italian":15,"Indian":6,"Chinese":0,"Greek":6,"German":18,"Dutch":12,"SriLankan":4,"Filipino":0}},{"type":"Feature","geometry":{"type":"Polygon","coordinates":[[[145.16194,-38.14302],[145.16155,-38.14205],[145.16377,-38.14151],[145.16556,-38.14026],[145.1667,-38.14105],[145.16755,-38.14218],[145.16847,-38.14285],[145.16755,-38.14368],[145.16646,-38.1443],[145.16594,-38.14503],[145.16529,-38.14485],[145.16405,-38.1441],[145.16264,-38.14359],[145.16194,-38.14302]]]},"properties":{"SA1_CODE_2021":"21401137237","totalResponses":360,"Australian":130,"English":150,"Irish":26,"Scottish":28,"Italian":17,"Indian":4,"Chinese":3,"Greek":3,"German":10,"Dutch":9,"SriLankan":0,"Filipino":0}},{"type":"Feature","geometry":{"type":"Polygon","coordinates":[[[145.18475,-38.14606],[145.17551,-38.14502],[145.17633,-38.14313],[145.1866,-38.14406],[145.18848,-38.14456],[145.18832,-38.14504],[145.18763,-38.14486],[145.18745,-38.14588],[145.18725,-38.14586],[145.18717,-38.14633],[145.18475,-38.14606]]]},"properties":{"SA1_CODE_2021":"21401137422","totalResponses":366,"Australian":136,"English":163,"Irish":40,"Scottish":44,"Italian":7,"Indian":4,"Chinese":16,"Greek":12,"German":14,"Dutch":25,"SriLankan":0,"Filipino":0}},{"type":"Feature","geometry":{"type":"Polygon","coordinates":[[[145.16217,-38.14457],[145.15958,-38.14306],[145.16046,-38.14235],[145.16155,-38.14205],[145.16183,-38.14287],[145.16237,-38.14343],[145.16405,-38.1441],[145.16529,-38.14485],[145.16594,-38.14503],[145.16595,-38.14569],[145.16636,-38.14642],[145.16516,-38.14689],[145.16466,-38.14624],[145.16395,-38.14562],[145.16217,-38.14457]]]},"properties":{"SA1_CODE_2021":"21401137238","totalResponses":253,"Australian":82,"English":98,"Irish":19,"Scottish":34,"Italian":21,"Indian":0,"Chinese":10,"Greek":0,"German":7,"Dutch":10,"SriLankan":0,"Filipino":3}},{"type":"Feature","geometry":{"type":"Polygon","coordinates":[[[145.16284,-38.14101],[145.16191,-38.13979],[145.16242,-38.13946],[145.16307,-38.13925],[145.16337,-38.13872],[145.16625,-38.1395],[145.16512,-38.14064],[145.16377,-38.14151],[145.16104,-38.14215],[145.1608,-38.14141],[145.16284,-38.14101]]]},"properties":{"SA1_CODE_2021":"21401137228","totalResponses":220,"Australian":93,"English":84,"Irish":24,"Scottish":16,"Italian":0,"Indian":3,"Chinese":4,"Greek":0,"German":6,"Dutch":0,"SriLankan":4,"Filipino":6}},{"type":"Feature","geometry":{"type":"Polygon","coordinates":[[[145.14059,-38.13474],[145.14145,-38.13277],[145.14729,-38.13435],[145.14632,-38.13657],[145.14452,-38.13601],[145.14437,-38.13622],[145.14374,-38.1364],[145.14173,-38.13649],[145.14017,-38.13721],[145.13965,-38.13691],[145.14059,-38.13474]]]},"properties":{"SA1_CODE_2021":"21401137215","totalResponses":566,"Australian":168,"English":230,"Irish":68,"Scottish":69,"Italian":28,"Indian":4,"Chinese":28,"Greek":0,"German":10,"Dutch":12,"SriLankan":0,"Filipino":7}},{"type":"Feature","geometry":{"type":"Polygon","coordinates":[[[145.14847,-38.13721],[145.14709,-38.13684],[145.14717,-38.13664],[145.14638,-38.13642],[145.14729,-38.13435],[145.1543,-38.13625],[145.1533,-38.13876],[145.15221,-38.13877],[145.14996,-38.13848],[145.14932,-38.13863],[145.14882,-38.13896],[145.14847,-38.13721]]]},"properties":{"SA1_CODE_2021":"21401137222","totalResponses":456,"Australian":140,"English":177,"Irish":46,"Scottish":47,"Italian":19,"Indian":3,"Chinese":14,"Greek":0,"German":21,"Dutch":5,"SriLankan":6,"Filipino":8}},{"type":"Feature","geometry":{"type":"Polygon","coordinates":[[[145.13746,-38.1287],[145.13425,-38.12829],[145.13934,-38.12484],[145.14654,-38.12574],[145.14597,-38.12862],[145.1505,-38.12916],[145.15107,-38.12629],[145.16371,-38.12784],[145.16273,-38.13224],[145.16317,-38.13236],[145.162,-38.13835],[145.13678,-38.1315],[145.13798,-38.12876],[145.13746,-38.1287]]]},"properties":{"SA1_CODE_2021":"21401137209","totalResponses":66,"Australian":20,"English":16,"Irish":10,"Scottish":11,"Italian":6,"Indian":0,"Chinese":15,"Greek":0,"German":9,"Dutch":0,"SriLankan":0,"Filipino":0}},{"type":"Feature","geometry":{"type":"Polygon","coordinates":[[[145.16691,-38.13587],[145.16592,-38.13614],[145.16507,-38.13614],[145.16483,-38.13542],[145.16524,-38.13538],[145.16529,-38.1353],[145.16495,-38.13521],[145.16551,-38.13489],[145.165,-38.13434],[145.16537,-38.13341],[145.16435,-38.13316],[145.1638,-38.1333],[145.16349,-38.13362],[145.16295,-38.13345],[145.16317,-38.13236],[145.16922,-38.134],[145.1689,-38.13452],[145.16886,-38.13485],[145.17022,-38.13518],[145.16959,-38.1366],[145.16823,-38.13627],[145.16701,-38.13633],[145.16691,-38.13587]]]},"properties":{"SA1_CODE_2021":"21401137212","totalResponses":430,"Australian":167,"English":164,"Irish":50,"Scottish":44,"Italian":9,"Indian":0,"Chinese":14,"Greek":7,"German":12,"Dutch":8,"SriLankan":0,"Filipino":3}},{"type":"Feature","geometry":{"type":"Polygon","coordinates":[[[145.16287,-38.13859],[145.162,-38.13835],[145.16295,-38.13345],[145.16349,-38.13362],[145.1638,-38.1333],[145.16435,-38.13316],[145.16537,-38.13341],[145.165,-38.13434],[145.16551,-38.13489],[145.16495,-38.13521],[145.16529,-38.1353],[145.16524,-38.13538],[145.16483,-38.13542],[145.16507,-38.13614],[145.16592,-38.13614],[145.16691,-38.13587],[145.16701,-38.13633],[145.16609,-38.13655],[145.1652,-38.13657],[145.1654,-38.13808],[145.16515,-38.13813],[145.1648,-38.13786],[145.16411,-38.13795],[145.16359,-38.13878],[145.16287,-38.13859]]]},"properties":{"SA1_CODE_2021":"21401137247","totalResponses":378,"Australian":141,"English":147,"Irish":44,"Scottish":36,"Italian":9,"Indian":0,"Chinese":8,"Greek":9,"German":13,"Dutch":9,"SriLankan":0,"Filipino":8}},{"type":"Feature","geometry":{"type":"Polygon","coordinates":[[[145.15561,-38.12084],[145.15455,-38.11938],[145.15549,-38.11886],[145.15805,-38.11798],[145.15961,-38.11966],[145.15769,-38.12047],[145.15958,-38.12355],[145.15976,-38.12426],[145.15729,-38.12462],[145.15604,-38.12438],[145.15508,-38.12395],[145.15411,-38.123],[145.1555,-38.12221],[145.15624,-38.12194],[145.15561,-38.12084]]]},"properties":{"SA1_CODE_2021":"21401137233","totalResponses":661,"Australian":235,"English":231,"Irish":56,"Scottish":72,"Italian":14,"Indian":0,"Chinese":16,"Greek":4,"German":21,"Dutch":3,"SriLankan":0,"Filipino":6}},{"type":"Feature","geometry":{"type":"Polygon","coordinates":[[[145.15094,-38.11973],[145.15279,-38.11831],[145.1542,-38.11961],[145.15455,-38.11938],[145.15565,-38.1209],[145.15624,-38.12194],[145.1555,-38.12221],[145.15411,-38.123],[145.15395,-38.12284],[145.15158,-38.12425],[145.15027,-38.12413],[145.1504,-38.12345],[145.1504,-38.12202],[145.1503,-38.12189],[145.14985,-38.12188],[145.14988,-38.12044],[145.1495,-38.12009],[145.15046,-38.11944],[145.15094,-38.11973]]]},"properties":{"SA1_CODE_2021":"21401137243","totalResponses":306,"Australian":82,"English":92,"Irish":23,"Scottish":19,"Italian":9,"Indian":10,"Chinese":8,"Greek":9,"German":6,"Dutch":12,"SriLankan":3,"Filipino":5}},{"type":"Feature","geometry":{"type":"Polygon","coordinates":[[[145.15457,-38.12672],[145.15328,-38.12656],[145.15351,-38.12527],[145.15221,-38.12389],[145.15395,-38.12284],[145.15508,-38.12395],[145.15604,-38.12438],[145.15662,-38.12456],[145.15792,-38.12456],[145.15797,-38.12484],[145.15893,-38.12641],[145.15885,-38.12682],[145.15976,-38.12685],[145.15987,-38.12737],[145.15457,-38.12672]]]},"properties":{"SA1_CODE_2021":"21401137246","totalResponses":363,"Australian":129,"English":132,"Irish":43,"Scottish":41,"Italian":10,"Indian":3,"Chinese":13,"Greek":14,"German":18,"Dutch":12,"SriLankan":0,"Filipino":0}},{"type":"Feature","geometry":{"type":"Polygon","coordinates":[[[145.14654,-38.12574],[145.14627,-38.1257],[145.14666,-38.12369],[145.15143,-38.12427],[145.15221,-38.12389],[145.15352,-38.12531],[145.15328,-38.12656],[145.15107,-38.12629],[145.1505,-38.12916],[145.14597,-38.12862],[145.14654,-38.12574]]]},"properties":{"SA1_CODE_2021":"21401137242","totalResponses":477,"Australian":199,"English":175,"Irish":34,"Scottish":41,"Italian":14,"Indian":9,"Chinese":6,"Greek":0,"German":19,"Dutch":3,"SriLankan":0,"Filipino":3}},{"type":"Feature","geometry":{"type":"Polygon","coordinates":[[[145.14486,-38.12122],[145.14909,-38.11835],[145.15046,-38.11944],[145.1495,-38.12009],[145.14988,-38.12044],[145.14985,-38.12188],[145.1503,-38.12189],[145.1504,-38.12202],[145.1504,-38.12345],[145.15027,-38.12413],[145.14533,-38.12353],[145.14369,-38.12201],[145.14486,-38.12122]]]},"properties":{"SA1_CODE_2021":"21401137241","totalResponses":629,"Australian":218,"English":232,"Irish":63,"Scottish":66,"Italian":9,"Indian":0,"Chinese":8,"Greek":4,"German":21,"Dutch":9,"SriLankan":0,"Filipino":13}},{"type":"Feature","geometry":{"type":"Polygon","coordinates":[[[145.14038,-38.1242],[145.14369,-38.12201],[145.14533,-38.12353],[145.14666,-38.12369],[145.14627,-38.1257],[145.13934,-38.12484],[145.14038,-38.1242]]]},"properties":{"SA1_CODE_2021":"21401137211","totalResponses":367,"Australian":122,"English":119,"Irish":15,"Scottish":22,"Italian":3,"Indian":4,"Chinese":3,"Greek":3,"German":12,"Dutch":8,"SriLankan":0,"Filipino":12}},{"type":"Feature","geometry":{"type":"Polygon","coordinates":[[[145.14169,-38.12134],[145.14117,-38.12086],[145.14155,-38.12042],[145.14106,-38.12029],[145.14155,-38.11916],[145.14695,-38.1198],[145.14038,-38.1242],[145.13912,-38.12307],[145.14169,-38.12134]]]},"properties":{"SA1_CODE_2021":"21401137534","totalResponses":263,"Australian":96,"English":102,"Irish":38,"Scottish":21,"Italian":7,"Indian":0,"Chinese":0,"Greek":0,"German":17,"Dutch":4,"SriLankan":0,"Filipino":3}},{"type":"Feature","geometry":{"type":"Polygon","coordinates":[[[145.13603,-38.12084],[145.13688,-38.11884],[145.13849,-38.11877],[145.14155,-38.11916],[145.14106,-38.12029],[145.14155,-38.12042],[145.14117,-38.12086],[145.14169,-38.12134],[145.13777,-38.12398],[145.13667,-38.12341],[145.13664,-38.12349],[145.13504,-38.12306],[145.13603,-38.12084]]]},"properties":{"SA1_CODE_2021":"21401137538","totalResponses":451,"Australian":115,"English":149,"Irish":56,"Scottish":49,"Italian":12,"Indian":0,"Chinese":30,"Greek":3,"German":7,"Dutch":7,"SriLankan":6,"Filipino":8}},{"type":"Feature","geometry":{"type":"Polygon","coordinates":[[[145.13447,-38.12436],[145.13504,-38.12306],[145.13664,-38.12349],[145.13667,-38.12341],[145.13777,-38.12398],[145.13912,-38.12307],[145.14038,-38.1242],[145.13399,-38.12846],[145.13338,-38.12855],[145.13333,-38.12793],[145.13351,-38.12665],[145.13447,-38.12436]]]},"properties":{"SA1_CODE_2021":"21401137524","totalResponses":438,"Australian":141,"English":175,"Irish":39,"Scottish":40,"Italian":12,"Indian":6,"Chinese":13,"Greek":18,"German":19,"Dutch":6,"SriLankan":0,"Filipino":9}},{"type":"Feature","geometry":{"type":"Polygon","coordinates":[[[145.15891,-38.12649],[145.15797,-38.12484],[145.15792,-38.12456],[145.16294,-38.12373],[145.16333,-38.12497],[145.16186,-38.12525],[145.16141,-38.12756],[145.15987,-38.12737],[145.15976,-38.12685],[145.15885,-38.12682],[145.15891,-38.12649]]]},"properties":{"SA1_CODE_2021":"21401137248","totalResponses":340,"Australian":83,"English":114,"Irish":33,"Scottish":25,"Italian":4,"Indian":0,"Chinese":6,"Greek":8,"German":6,"Dutch":9,"SriLankan":0,"Filipino":8}},{"type":"Feature","geometry":{"type":"Polygon","coordinates":[[[145.15916,-38.12287],[145.15769,-38.12047],[145.15961,-38.11966],[145.16011,-38.12019],[145.16098,-38.11969],[145.16294,-38.12373],[145.15976,-38.12426],[145.15958,-38.12355],[145.15916,-38.12287]]]},"properties":{"SA1_CODE_2021":"21401137232","totalResponses":389,"Australian":137,"English":138,"Irish":39,"Scottish":29,"Italian":21,"Indian":0,"Chinese":9,"Greek":5,"German":20,"Dutch":11,"SriLankan":0,"Filipino":6}},{"type":"Feature","geometry":{"type":"Polygon","coordinates":[[[145.16306,-38.11964],[145.16473,-38.11883],[145.16539,-38.12],[145.16629,-38.12123],[145.16348,-38.12251],[145.16251,-38.1228],[145.16133,-38.12031],[145.16306,-38.11964]]]},"properties":{"SA1_CODE_2021":"21401137231","totalResponses":326,"Australian":94,"English":160,"Irish":39,"Scottish":24,"Italian":7,"Indian":0,"Chinese":4,"Greek":3,"German":19,"Dutch":9,"SriLankan":3,"Filipino":11}},{"type":"Feature","geometry":{"type":"Polygon","coordinates":[[[145.16383,-38.12236],[145.16629,-38.12123],[145.16762,-38.12304],[145.16333,-38.12497],[145.16251,-38.1228],[145.16383,-38.12236]]]},"properties":{"SA1_CODE_2021":"21401137230","totalResponses":258,"Australian":99,"English":125,"Irish":18,"Scottish":28,"Italian":9,"Indian":0,"Chinese":8,"Greek":9,"German":8,"Dutch":5,"SriLankan":0,"Filipino":0}},{"type":"Feature","geometry":{"type":"Polygon","coordinates":[[[145.17802,-38.1152],[145.18265,-38.11577],[145.18228,-38.11765],[145.18447,-38.11792],[145.18484,-38.11604],[145.18824,-38.11646],[145.18717,-38.12192],[145.18785,-38.12201],[145.18752,-38.1236],[145.1872,-38.12355],[145.18309,-38.12525],[145.18196,-38.12675],[145.17385,-38.12193],[145.17526,-38.11486],[145.17802,-38.1152]]]},"properties":{"SA1_CODE_2021":"21401137029","totalResponses":0,"Australian":0,"English":0,"Irish":0,"Scottish":0,"Italian":0,"Indian":0,"Chinese":0,"Greek":0,"German":0,"Dutch":0,"SriLankan":0,"Filipino":0}},{"type":"Feature","geometry":{"type":"Polygon","coordinates":[[[145.13781,-38.11261],[145.13853,-38.11033],[145.14833,-38.11154],[145.14725,-38.11699],[145.14733,-38.117],[145.14726,-38.11739],[145.1493,-38.11764],[145.14943,-38.11776],[145.14999,-38.11773],[145.14695,-38.1198],[145.13869,-38.11878],[145.13688,-38.11884],[145.13719,-38.11777],[145.13749,-38.11417],[145.13781,-38.11261]]]},"properties":{"SA1_CODE_2021":"21401137539","totalResponses":522,"Australian":146,"English":218,"Irish":69,"Scottish":65,"Italian":24,"Indian":12,"Chinese":11,"Greek":7,"German":20,"Dutch":10,"SriLankan":3,"Filipino":4}},{"type":"Feature","geometry":{"type":"Polygon","coordinates":[[[145.15125,-38.11342],[145.15065,-38.11335],[145.15041,-38.11454],[145.1478,-38.11423],[145.14833,-38.11154],[145.15743,-38.11272],[145.15355,-38.11534],[145.15328,-38.1151],[145.15114,-38.11484],[145.15121,-38.11449],[145.15104,-38.11447],[145.15125,-38.11342]]]},"properties":{"SA1_CODE_2021":"21401137541","totalResponses":519,"Australian":164,"English":175,"Irish":54,"Scottish":53,"Italian":12,"Indian":0,"Chinese":12,"Greek":25,"German":20,"Dutch":12,"SriLankan":0,"Filipino":10}},{"type":"Feature","geometry":{"type":"Polygon","coordinates":[[[145.15491,-38.11235],[145.15251,-38.11206],[145.15297,-38.10973],[145.1592,-38.1105],[145.1598,-38.11073],[145.15743,-38.11272],[145.15491,-38.11235]]]},"properties":{"SA1_CODE_2021":"21401137530","totalResponses":367,"Australian":103,"English":144,"Irish":48,"Scottish":31,"Italian":25,"Indian":10,"Chinese":10,"Greek":9,"German":14,"Dutch":8,"SriLankan":0,"Filipino":0}},{"type":"Feature","geometry":{"type":"Polygon","coordinates":[[[145.15922,-38.11294],[145.15743,-38.11272],[145.15783,-38.1125],[145.16135,-38.10937],[145.16488,-38.10731],[145.16503,-38.11327],[145.16642,-38.1136],[145.16638,-38.11377],[145.15922,-38.11294]]]},"properties":{"SA1_CODE_2021":"21401137039","totalResponses":185,"Australian":66,"English":62,"Irish":25,"Scottish":8,"Italian":4,"Indian":12,"Chinese":7,"Greek":14,"German":10,"Dutch":0,"SriLankan":0,"Filipino":3}},{"type":"Feature","geometry":{"type":"Polygon","coordinates":[[[145.1583,-38.11517],[145.15691,-38.11405],[145.15643,-38.1134],[145.15743,-38.11272],[145.16308,-38.11336],[145.16377,-38.11653],[145.16239,-38.11707],[145.16203,-38.11634],[145.16064,-38.11678],[145.16107,-38.11751],[145.15969,-38.11831],[145.15732,-38.11574],[145.1583,-38.11517]]]},"properties":{"SA1_CODE_2021":"21401137234","totalResponses":525,"Australian":201,"English":177,"Irish":34,"Scottish":42,"Italian":12,"Indian":10,"Chinese":18,"Greek":5,"German":16,"Dutch":10,"SriLankan":0,"Filipino":12}},{"type":"Feature","geometry":{"type":"Polygon","coordinates":[[[145.1546,-38.11463],[145.15643,-38.1134],[145.15691,-38.11405],[145.1583,-38.11517],[145.15732,-38.11574],[145.15892,-38.11748],[145.15797,-38.11803],[145.15549,-38.11886],[145.1542,-38.11961],[145.15279,-38.11831],[145.15358,-38.11778],[145.15461,-38.1173],[145.15345,-38.1154],[145.1546,-38.11463]]]},"properties":{"SA1_CODE_2021":"21401137245","totalResponses":517,"Australian":192,"English":218,"Irish":40,"Scottish":44,"Italian":17,"Indian":3,"Chinese":5,"Greek":12,"German":24,"Dutch":11,"SriLankan":0,"Filipino":10}},{"type":"Feature","geometry":{"type":"Polygon","coordinates":[[[145.15121,-38.11691],[145.15345,-38.1154],[145.15461,-38.1173],[145.15358,-38.11778],[145.15094,-38.11973],[145.14995,-38.11914],[145.14909,-38.11835],[145.15121,-38.11691]]]},"properties":{"SA1_CODE_2021":"21401137244","totalResponses":260,"Australian":83,"English":97,"Irish":17,"Scottish":26,"Italian":16,"Indian":3,"Chinese":8,"Greek":0,"German":16,"Dutch":0,"SriLankan":0,"Filipino":7}},{"type":"Feature","geometry":{"type":"Polygon","coordinates":[[[145.15041,-38.11454],[145.15065,-38.11335],[145.15125,-38.11342],[145.15104,-38.11447],[145.15121,-38.11449],[145.15114,-38.11484],[145.15328,-38.1151],[145.15355,-38.11534],[145.14999,-38.11773],[145.14943,-38.11776],[145.1493,-38.11764],[145.14726,-38.11739],[145.1478,-38.11423],[145.15041,-38.11454]]]},"properties":{"SA1_CODE_2021":"21401137540","totalResponses":477,"Australian":144,"English":182,"Irish":44,"Scottish":60,"Italian":12,"Indian":7,"Chinese":8,"Greek":4,"German":17,"Dutch":11,"SriLankan":8,"Filipino":5}},{"type":"Feature","geometry":{"type":"Polygon","coordinates":[[[145.15013,-38.10949],[145.15054,-38.10715],[145.15341,-38.10745],[145.15251,-38.11206],[145.14974,-38.11172],[145.15013,-38.10949]]]},"properties":{"SA1_CODE_2021":"21401137531","totalResponses":367,"Australian":145,"English":136,"Irish":63,"Scottish":33,"Italian":14,"Indian":8,"Chinese":3,"Greek":8,"German":11,"Dutch":7,"SriLankan":0,"Filipino":3}},{"type":"Feature","geometry":{"type":"Polygon","coordinates":[[[145.14599,-38.10937],[145.14577,-38.10892],[145.14621,-38.10671],[145.15054,-38.10715],[145.14974,-38.11172],[145.14564,-38.11121],[145.14599,-38.10937]]]},"properties":{"SA1_CODE_2021":"21401137515","totalResponses":517,"Australian":190,"English":200,"Irish":76,"Scottish":62,"Italian":19,"Indian":6,"Chinese":12,"Greek":14,"German":31,"Dutch":12,"SriLankan":0,"Filipino":5}},{"type":"Feature","geometry":{"type":"Polygon","coordinates":[[[145.17503,-38.11118],[145.17632,-38.11112],[145.17701,-38.11096],[145.1776,-38.11174],[145.17859,-38.11217],[145.17824,-38.11284],[145.17793,-38.114],[145.17744,-38.11418],[145.17538,-38.11387],[145.1741,-38.11221],[145.17374,-38.11147],[145.17503,-38.11118]]]},"properties":{"SA1_CODE_2021":"21401137021","totalResponses":288,"Australian":102,"English":120,"Irish":34,"Scottish":32,"Italian":13,"Indian":0,"Chinese":7,"Greek":11,"German":9,"Dutch":6,"SriLankan":3,"Filipino":8}},{"type":"Feature","geometry":{"type":"Polygon","coordinates":[[[145.17472,-38.1148],[145.16895,-38.11409],[145.16938,-38.11355],[145.17009,-38.11301],[145.17195,-38.11236],[145.17293,-38.11185],[145.17358,-38.11234],[145.17535,-38.11466],[145.17547,-38.11489],[145.17472,-38.1148]]]},"properties":{"SA1_CODE_2021":"21401137038","totalResponses":200,"Australian":67,"English":70,"Irish":18,"Scottish":21,"Italian":4,"Indian":5,"Chinese":7,"Greek":7,"German":10,"Dutch":5,"SriLankan":0,"Filipino":5}},{"type":"Feature","geometry":{"type":"Polygon","coordinates":[[[145.18144,-38.11432],[145.18128,-38.1156],[145.17547,-38.11489],[145.17358,-38.11234],[145.17293,-38.11185],[145.17374,-38.11147],[145.1741,-38.11221],[145.17538,-38.11387],[145.17744,-38.11418],[145.17797,-38.11393],[145.17821,-38.11293],[145.17859,-38.11217],[145.18173,-38.11323],[145.18144,-38.11432]]]},"properties":{"SA1_CODE_2021":"21401137020","totalResponses":404,"Australian":172,"English":149,"Irish":38,"Scottish":51,"Italian":10,"Indian":7,"Chinese":14,"Greek":7,"German":10,"Dutch":14,"SriLankan":5,"Filipino":10}},{"type":"Feature","geometry":{"type":"Polygon","coordinates":[[[145.171,-38.11075],[145.17293,-38.11185],[145.17195,-38.11236],[145.17009,-38.11301],[145.16938,-38.11355],[145.16895,-38.11409],[145.16638,-38.11377],[145.16751,-38.1082],[145.1682,-38.10846],[145.16931,-38.10976],[145.171,-38.11075]]]},"properties":{"SA1_CODE_2021":"21401137040","totalResponses":436,"Australian":166,"English":176,"Irish":41,"Scottish":46,"Italian":7,"Indian":5,"Chinese":7,"Greek":16,"German":18,"Dutch":0,"SriLankan":4,"Filipino":5}},{"type":"Feature","geometry":{"type":"Polygon","coordinates":[[[145.17213,-38.11027],[145.17149,-38.1087],[145.17359,-38.10818],[145.17479,-38.10811],[145.17529,-38.10793],[145.17595,-38.10844],[145.17811,-38.10874],[145.17901,-38.1092],[145.17791,-38.11041],[145.17714,-38.11091],[145.17632,-38.11112],[145.17448,-38.11127],[145.17293,-38.11185],[145.17148,-38.11102],[145.17218,-38.11035],[145.17213,-38.11027]]]},"properties":{"SA1_CODE_2021":"21401137030","totalResponses":322,"Australian":130,"English":122,"Irish":25,"Scottish":28,"Italian":23,"Indian":11,"Chinese":8,"Greek":0,"German":14,"Dutch":17,"SriLankan":0,"Filipino":10}},{"type":"Feature","geometry":{"type":"Polygon","coordinates":[[[145.16239,-38.11707],[145.16377,-38.11653],[145.16398,-38.11738],[145.16473,-38.11883],[145.16133,-38.12031],[145.16098,-38.11969],[145.16011,-38.12019],[145.15805,-38.11798],[145.15892,-38.11748],[145.15969,-38.11831],[145.16107,-38.11751],[145.16057,-38.11681],[145.16203,-38.11634],[145.16239,-38.11707]]]},"properties":{"SA1_CODE_2021":"21401137235","totalResponses":306,"Australian":119,"English":114,"Irish":22,"Scottish":35,"Italian":3,"Indian":0,"Chinese":3,"Greek":6,"German":19,"Dutch":3,"SriLankan":0,"Filipino":3}},{"type":"Feature","geometry":{"type":"Polygon","coordinates":[[[145.16494,-38.10801],[145.16488,-38.10731],[145.16702,-38.10606],[145.16764,-38.10559],[145.16768,-38.10544],[145.16806,-38.10549],[145.16642,-38.1136],[145.16503,-38.11327],[145.16494,-38.10801]]]},"properties":{"SA1_CODE_2021":"21401137043","totalResponses":349,"Australian":131,"English":143,"Irish":44,"Scottish":35,"Italian":6,"Indian":3,"Chinese":3,"Greek":6,"German":16,"Dutch":7,"SriLankan":0,"Filipino":5}},{"type":"Feature","geometry":{"type":"Polygon","coordinates":[[[145.19443,-38.1434],[145.19436,-38.1431],[145.19507,-38.14189],[145.19818,-38.1461],[145.20023,-38.14511],[145.20116,-38.14645],[145.1978,-38.14806],[145.19745,-38.14785],[145.19716,-38.14823],[145.19693,-38.14815],[145.1967,-38.14839],[145.1952,-38.14716],[145.19481,-38.14558],[145.19383,-38.14477],[145.19377,-38.14439],[145.19443,-38.1434]]]},"properties":{"SA1_CODE_2021":"21401137413","totalResponses":562,"Australian":209,"English":258,"Irish":70,"Scottish":70,"Italian":12,"Indian":4,"Chinese":12,"Greek":14,"German":38,"Dutch":9,"SriLankan":0,"Filipino":16}},{"type":"Feature","geometry":{"type":"Polygon","coordinates":[[[145.18848,-38.14456],[145.1867,-38.14407],[145.18495,-38.14164],[145.18505,-38.14096],[145.19511,-38.14181],[145.19436,-38.1431],[145.19443,-38.1434],[145.19377,-38.14439],[145.19383,-38.14477],[145.19236,-38.14484],[145.19058,-38.1453],[145.18948,-38.14534],[145.18832,-38.14504],[145.18848,-38.14456]]]},"properties":{"SA1_CODE_2021":"21401137421","totalResponses":390,"Australian":175,"English":159,"Irish":34,"Scottish":41,"Italian":27,"Indian":4,"Chinese":6,"Greek":11,"German":27,"Dutch":16,"SriLankan":0,"Filipino":8}},{"type":"Feature","geometry":{"type":"Polygon","coordinates":[[[145.19969,-38.14537],[145.19818,-38.1461],[145.19507,-38.14189],[145.19609,-38.14014],[145.19722,-38.13981],[145.1985,-38.14023],[145.20508,-38.14466],[145.20116,-38.14645],[145.20023,-38.14511],[145.19969,-38.14537]]]},"properties":{"SA1_CODE_2021":"21401137412","totalResponses":402,"Australian":164,"English":213,"Irish":36,"Scottish":47,"Italian":15,"Indian":4,"Chinese":4,"Greek":8,"German":18,"Dutch":10,"SriLankan":0,"Filipino":3}},{"type":"Feature","geometry":{"type":"Polygon","coordinates":[[[145.20923,-38.14275],[145.21165,-38.14164],[145.21089,-38.14562],[145.20975,-38.14549],[145.20967,-38.14594],[145.20958,-38.14593],[145.20749,-38.14568],[145.20756,-38.14527],[145.2064,-38.1458],[145.20655,-38.146],[145.20617,-38.14618],[145.20508,-38.14466],[145.20923,-38.14275]]]},"properties":{"SA1_CODE_2021":"21401137415","totalResponses":419,"Australian":199,"English":178,"Irish":48,"Scottish":39,"Italian":29,"Indian":0,"Chinese":10,"Greek":4,"German":5,"Dutch":17,"SriLankan":0,"Filipino":3}},{"type":"Feature","geometry":{"type":"Polygon","coordinates":[[[145.2085,-38.14309],[145.20508,-38.14466],[145.20233,-38.1428],[145.20422,-38.14115],[145.20732,-38.14009],[145.2084,-38.1413],[145.20979,-38.14249],[145.2085,-38.14309]]]},"properties":{"SA1_CODE_2021":"21401137410","totalResponses":398,"Australian":133,"English":214,"Irish":29,"Scottish":57,"Italian":7,"Indian":6,"Chinese":5,"Greek":12,"German":19,"Dutch":7,"SriLankan":6,"Filipino":6}},{"type":"Feature","geometry":{"type":"Polygon","coordinates":[[[145.19901,-38.14058],[145.1985,-38.14023],[145.19722,-38.13981],[145.19748,-38.13966],[145.1982,-38.13701],[145.19848,-38.13657],[145.19872,-38.13722],[145.1992,-38.13764],[145.19942,-38.13822],[145.19977,-38.13838],[145.19984,-38.13811],[145.20056,-38.13814],[145.20076,-38.138],[145.20128,-38.13795],[145.20203,-38.13804],[145.20266,-38.13789],[145.20454,-38.1384],[145.20503,-38.13815],[145.20543,-38.13831],[145.2057,-38.13846],[145.20537,-38.1389],[145.20652,-38.14041],[145.20422,-38.14115],[145.20233,-38.1428],[145.19901,-38.14058]]]},"properties":{"SA1_CODE_2021":"21401137411","totalResponses":463,"Australian":200,"English":238,"Irish":59,"Scottish":43,"Italian":15,"Indian":0,"Chinese":5,"Greek":0,"German":8,"Dutch":9,"SriLankan":10,"Filipino":0}},{"type":"Feature","geometry":{"type":"Polygon","coordinates":[[[145.21005,-38.13917],[145.20918,-38.13926],[145.20652,-38.14041],[145.20537,-38.1389],[145.2057,-38.13846],[145.20589,-38.13857],[145.20637,-38.13808],[145.20982,-38.1365],[145.21141,-38.13857],[145.21005,-38.13917]]]},"properties":{"SA1_CODE_2021":"21401137446","totalResponses":368,"Australian":120,"English":182,"Irish":62,"Scottish":41,"Italian":16,"Indian":0,"Chinese":0,"Greek":8,"German":13,"Dutch":13,"SriLankan":0,"Filipino":0}},{"type":"Feature","geometry":{"type":"Polygon","coordinates":[[[145.20603,-38.13144],[145.2084,-38.1346],[145.20752,-38.135],[145.20637,-38.13531],[145.20335,-38.13676],[145.2012,-38.13365],[145.19995,-38.13423],[145.19822,-38.13189],[145.19675,-38.13257],[145.1935,-38.12817],[145.19363,-38.12708],[145.18605,-38.12648],[145.18588,-38.12418],[145.1872,-38.12355],[145.20161,-38.12547],[145.20603,-38.13144]]]},"properties":{"SA1_CODE_2021":"21401137447","totalResponses":424,"Australian":172,"English":178,"Irish":51,"Scottish":53,"Italian":15,"Indian":6,"Chinese":4,"Greek":8,"German":16,"Dutch":16,"SriLankan":0,"Filipino":6}},{"type":"Feature","geometry":{"type":"Polygon","coordinates":[[[145.20147,-38.13413],[145.20335,-38.13676],[145.20168,-38.13761],[145.19995,-38.1377],[145.19977,-38.13838],[145.19942,-38.13822],[145.1992,-38.13764],[145.19872,-38.13722],[145.19848,-38.13657],[145.19995,-38.13423],[145.2012,-38.13365],[145.20147,-38.13413]]]},"properties":{"SA1_CODE_2021":"21401137409","totalResponses":341,"Australian":128,"English":153,"Irish":33,"Scottish":56,"Italian":9,"Indian":0,"Chinese":4,"Greek":3,"German":17,"Dutch":25,"SriLankan":0,"Filipino":0}},{"type":"Feature","geometry":{"type":"Polygon","coordinates":[[[145.20677,-38.13517],[145.20752,-38.135],[145.2084,-38.1346],[145.20982,-38.1365],[145.20637,-38.13808],[145.20589,-38.13857],[145.20503,-38.13815],[145.20454,-38.1384],[145.20266,-38.13789],[145.20203,-38.13804],[145.20128,-38.13795],[145.20076,-38.138],[145.20056,-38.13814],[145.19984,-38.13811],[145.19995,-38.1377],[145.20168,-38.13761],[145.20401,-38.13638],[145.20677,-38.13517]]]},"properties":{"SA1_CODE_2021":"21401137445","totalResponses":498,"Australian":235,"English":223,"Irish":43,"Scottish":40,"Italian":21,"Indian":17,"Chinese":8,"Greek":4,"German":5,"Dutch":11,"SriLankan":0,"Filipino":0}},{"type":"Feature","geometry":{"type":"Polygon","coordinates":[[[145.19118,-38.11861],[145.19152,-38.11685],[145.19404,-38.11716],[145.1934,-38.12105],[145.19214,-38.12089],[145.1915,-38.12419],[145.19013,-38.12401],[145.19118,-38.11861]]]},"properties":{"SA1_CODE_2021":"21401137619","totalResponses":428,"Australian":155,"English":148,"Irish":31,"Scottish":43,"Italian":18,"Indian":13,"Chinese":5,"Greek":16,"German":21,"Dutch":19,"SriLankan":0,"Filipino":5}},{"type":"Feature","geometry":{"type":"Polygon","coordinates":[[[145.19515,-38.1173],[145.19912,-38.11779],[145.19844,-38.12129],[145.19761,-38.12118],[145.19746,-38.12194],[145.1956,-38.12172],[145.19568,-38.12134],[145.1934,-38.12105],[145.19404,-38.11716],[145.19515,-38.1173]]]},"properties":{"SA1_CODE_2021":"21401137605","totalResponses":769,"Australian":269,"English":279,"Irish":64,"Scottish":64,"Italian":31,"Indian":37,"Chinese":11,"Greek":16,"German":30,"Dutch":16,"SriLankan":4,"Filipino":29}},{"type":"Feature","geometry":{"type":"Polygon","coordinates":[[[145.18798,-38.12018],[145.19081,-38.12052],[145.19013,-38.12401],[145.18752,-38.1236],[145.18785,-38.12201],[145.18717,-38.12192],[145.18751,-38.12012],[145.18798,-38.12018]]]},"properties":{"SA1_CODE_2021":"21401137620","totalResponses":369,"Australian":144,"English":170,"Irish":36,"Scottish":46,"Italian":7,"Indian":0,"Chinese":3,"Greek":5,"German":11,"Dutch":5,"SriLankan":4,"Filipino":5}},{"type":"Feature","geometry":{"type":"Polygon","coordinates":[[[145.18199,-38.11286],[145.18284,-38.11203],[145.18325,-38.11121],[145.18373,-38.11134],[145.1848,-38.11204],[145.18617,-38.11226],[145.186,-38.11364],[145.18667,-38.1146],[145.18681,-38.115],[145.1866,-38.11626],[145.18484,-38.11604],[145.18447,-38.11792],[145.18228,-38.11765],[145.18265,-38.11577],[145.18128,-38.1156],[145.18153,-38.11371],[145.18199,-38.11286]]]},"properties":{"SA1_CODE_2021":"21401137019","totalResponses":702,"Australian":284,"English":275,"Irish":66,"Scottish":69,"Italian":33,"Indian":10,"Chinese":13,"Greek":14,"German":9,"Dutch":18,"SriLankan":4,"Filipino":19}},{"type":"Feature","geometry":{"type":"Polygon","coordinates":[[[145.18786,-38.11833],[145.18824,-38.11646],[145.19152,-38.11685],[145.19081,-38.12052],[145.18751,-38.12012],[145.18786,-38.11833]]]},"properties":{"SA1_CODE_2021":"21401137604","totalResponses":338,"Australian":123,"English":125,"Irish":36,"Scottish":37,"Italian":20,"Indian":3,"Chinese":4,"Greek":9,"German":12,"Dutch":0,"SriLankan":0,"Filipino":14}},{"type":"Feature","geometry":{"type":"Polygon","coordinates":[[[145.19441,-38.1152],[145.19477,-38.11332],[145.20059,-38.11401],[145.20018,-38.11591],[145.20246,-38.1162],[145.2021,-38.11816],[145.19404,-38.11716],[145.19441,-38.1152]]]},"properties":{"SA1_CODE_2021":"21401137606","totalResponses":711,"Australian":282,"English":287,"Irish":68,"Scottish":70,"Italian":36,"Indian":16,"Chinese":9,"Greek":12,"German":33,"Dutch":9,"SriLankan":0,"Filipino":4}},{"type":"Feature","geometry":{"type":"Polygon","coordinates":[[[145.19046,-38.11479],[145.19122,-38.11382],[145.19153,-38.11292],[145.19477,-38.11332],[145.19404,-38.11716],[145.18985,-38.11666],[145.19012,-38.11539],[145.19046,-38.11479]]]},"properties":{"SA1_CODE_2021":"21401137001","totalResponses":297,"Australian":107,"English":122,"Irish":26,"Scottish":28,"Italian":10,"Indian":15,"Chinese":6,"Greek":0,"German":4,"Dutch":5,"SriLankan":0,"Filipino":12}},{"type":"Feature","geometry":{"type":"Polygon","coordinates":[[[145.18676,-38.11479],[145.186,-38.11364],[145.18617,-38.11226],[145.19153,-38.11292],[145.19113,-38.11398],[145.19025,-38.1151],[145.18985,-38.11666],[145.1866,-38.11626],[145.18681,-38.11519],[145.18676,-38.11479]]]},"properties":{"SA1_CODE_2021":"21401137004","totalResponses":445,"Australian":183,"English":171,"Irish":37,"Scottish":45,"Italian":17,"Indian":8,"Chinese":12,"Greek":6,"German":15,"Dutch":13,"SriLankan":6,"Filipino":8}},{"type":"Feature","geometry":{"type":"Polygon","coordinates":[[[145.18643,-38.11047],[145.18661,-38.10968],[145.1869,-38.10951],[145.18886,-38.10973],[145.18901,-38.10939],[145.18939,-38.10927],[145.19234,-38.10963],[145.19195,-38.11194],[145.19151,-38.11255],[145.19141,-38.11291],[145.18617,-38.11226],[145.1865,-38.11168],[145.18682,-38.11153],[145.18636,-38.1111],[145.18643,-38.11047]]]},"properties":{"SA1_CODE_2021":"21401137003","totalResponses":516,"Australian":204,"English":219,"Irish":50,"Scottish":43,"Italian":19,"Indian":6,"Chinese":5,"Greek":9,"German":21,"Dutch":9,"SriLankan":4,"Filipino":5}},{"type":"Feature","geometry":{"type":"Polygon","coordinates":[[[145.19207,-38.11108],[145.19234,-38.10963],[145.19322,-38.1099],[145.19399,-38.11037],[145.19528,-38.1106],[145.19477,-38.11332],[145.19141,-38.11291],[145.19151,-38.11255],[145.19195,-38.11194],[145.19207,-38.11108]]]},"properties":{"SA1_CODE_2021":"21401137002","totalResponses":335,"Australian":107,"English":106,"Irish":20,"Scottish":28,"Italian":21,"Indian":7,"Chinese":12,"Greek":10,"German":10,"Dutch":16,"SriLankan":3,"Filipino":8}},{"type":"Feature","geometry":{"type":"Polygon","coordinates":[[[145.19519,-38.11105],[145.19556,-38.10915],[145.19815,-38.10951],[145.19775,-38.11066],[145.19809,-38.11162],[145.19771,-38.11367],[145.19477,-38.11332],[145.19519,-38.11105]]]},"properties":{"SA1_CODE_2021":"21401137607","totalResponses":307,"Australian":113,"English":125,"Irish":38,"Scottish":44,"Italian":13,"Indian":3,"Chinese":9,"Greek":0,"German":9,"Dutch":15,"SriLankan":8,"Filipino":5}},{"type":"Feature","geometry":{"type":"Polygon","coordinates":[[[145.18661,-38.10968],[145.18635,-38.11106],[145.18682,-38.11153],[145.1865,-38.11168],[145.18617,-38.11226],[145.1848,-38.11204],[145.18373,-38.11134],[145.18325,-38.11121],[145.18326,-38.11051],[145.18282,-38.10914],[145.18313,-38.10734],[145.18676,-38.10777],[145.18772,-38.1076],[145.18811,-38.10834],[145.18792,-38.10962],[145.18695,-38.10951],[145.18661,-38.10968]]]},"properties":{"SA1_CODE_2021":"21401137014","totalResponses":502,"Australian":172,"English":200,"Irish":51,"Scottish":44,"Italian":26,"Indian":11,"Chinese":10,"Greek":18,"German":23,"Dutch":4,"SriLankan":0,"Filipino":6}},{"type":"Feature","geometry":{"type":"Polygon","coordinates":[[[145.17953,-38.11249],[145.17779,-38.11187],[145.17733,-38.11148],[145.17701,-38.11096],[145.17779,-38.11051],[145.17867,-38.10957],[145.17913,-38.10965],[145.18246,-38.11116],[145.18322,-38.11131],[145.18284,-38.11203],[145.18173,-38.11323],[145.17953,-38.11249]]]},"properties":{"SA1_CODE_2021":"21401137022","totalResponses":369,"Australian":140,"English":153,"Irish":32,"Scottish":36,"Italian":14,"Indian":9,"Chinese":6,"Greek":14,"German":10,"Dutch":0,"SriLankan":0,"Filipino":0}},{"type":"Feature","geometry":{"type":"Polygon","coordinates":[[[145.20025,-38.10973],[145.19977,-38.10971],[145.20044,-38.10646],[145.20037,-38.10615],[145.20147,-38.10613],[145.20125,-38.10742],[145.20245,-38.11051],[145.20287,-38.11057],[145.20217,-38.11419],[145.19942,-38.11388],[145.20025,-38.10973]]]},"properties":{"SA1_CODE_2021":"21401137609","totalResponses":260,"Australian":67,"English":103,"Irish":15,"Scottish":21,"Italian":26,"Indian":13,"Chinese":0,"Greek":0,"German":7,"Dutch":0,"SriLankan":9,"Filipino":7}},{"type":"Feature","geometry":{"type":"Polygon","coordinates":[[[145.19778,-38.11085],[145.19779,-38.11048],[145.19797,-38.11023],[145.19815,-38.10951],[145.20025,-38.10973],[145.19942,-38.11388],[145.19771,-38.11367],[145.19809,-38.11162],[145.19778,-38.11085]]]},"properties":{"SA1_CODE_2021":"21401137608","totalResponses":298,"Australian":145,"English":117,"Irish":23,"Scottish":18,"Italian":11,"Indian":10,"Chinese":6,"Greek":4,"German":15,"Dutch":15,"SriLankan":0,"Filipino":6}},{"type":"Feature","geometry":{"type":"Polygon","coordinates":[[[145.14285,-38.10191],[145.14125,-38.10174],[145.14178,-38.10099],[145.15635,-38.10251],[145.15648,-38.10237],[145.15723,-38.10344],[145.14285,-38.10191]]]},"properties":{"SA1_CODE_2021":"21401137502","totalResponses":192,"Australian":71,"English":72,"Irish":29,"Scottish":30,"Italian":8,"Indian":6,"Chinese":9,"Greek":0,"German":5,"Dutch":4,"SriLankan":0,"Filipino":0}},{"type":"Feature","geometry":{"type":"Polygon","coordinates":[[[145.14778,-38.10333],[145.14783,-38.10243],[145.15874,-38.10359],[145.16059,-38.10681],[145.16123,-38.1077],[145.15155,-38.10671],[145.15171,-38.10583],[145.14785,-38.10543],[145.14805,-38.10411],[145.14778,-38.10333]]]},"properties":{"SA1_CODE_2021":"21401137527","totalResponses":557,"Australian":190,"English":242,"Irish":67,"Scottish":65,"Italian":22,"Indian":0,"Chinese":19,"Greek":15,"German":30,"Dutch":5,"SriLankan":0,"Filipino":0}},{"type":"Feature","geometry":{"type":"Polygon","coordinates":[[[145.14402,-38.0978],[145.14605,-38.09543],[145.14682,-38.09561],[145.15209,-38.0925],[145.15483,-38.09116],[145.15366,-38.09635],[145.15523,-38.09888],[145.15766,-38.10192],[145.15874,-38.10359],[145.15723,-38.10344],[145.15648,-38.10237],[145.15635,-38.10251],[145.14178,-38.10099],[145.14402,-38.0978]]]},"properties":{"SA1_CODE_2021":"21401137525","totalResponses":5,"Australian":0,"English":3,"Irish":0,"Scottish":0,"Italian":0,"Indian":0,"Chinese":0,"Greek":0,"German":0,"Dutch":0,"SriLankan":0,"Filipino":0}},{"type":"Feature","geometry":{"type":"Polygon","coordinates":[[[145.16618,-38.09861],[145.17264,-38.09945],[145.16764,-38.10559],[145.16671,-38.10626],[145.16209,-38.10891],[145.16059,-38.10681],[145.15951,-38.10478],[145.15766,-38.10192],[145.15523,-38.09888],[145.15475,-38.09805],[145.15548,-38.09751],[145.15663,-38.09734],[145.16618,-38.09861]]]},"properties":{"SA1_CODE_2021":"21401137027","totalResponses":14,"Australian":6,"English":4,"Irish":0,"Scottish":0,"Italian":0,"Indian":0,"Chinese":0,"Greek":0,"German":0,"Dutch":0,"SriLankan":0,"Filipino":0}},{"type":"Feature","geometry":{"type":"Polygon","coordinates":[[[145.14189,-38.10626],[145.13968,-38.10612],[145.13993,-38.10462],[145.15171,-38.10583],[145.15155,-38.10671],[145.15352,-38.10691],[145.15341,-38.10745],[145.14189,-38.10626]]]},"properties":{"SA1_CODE_2021":"21401137528","totalResponses":547,"Australian":196,"English":214,"Irish":66,"Scottish":66,"Italian":30,"Indian":10,"Chinese":11,"Greek":16,"German":18,"Dutch":3,"SriLankan":0,"Filipino":8}},{"type":"Feature","geometry":{"type":"Polygon","coordinates":[[[145.14037,-38.10338],[145.14059,-38.10278],[145.14125,-38.10174],[145.14783,-38.10243],[145.14775,-38.10321],[145.14805,-38.10411],[145.14785,-38.10543],[145.13993,-38.10462],[145.14037,-38.10338]]]},"properties":{"SA1_CODE_2021":"21401137526","totalResponses":598,"Australian":265,"English":253,"Irish":67,"Scottish":56,"Italian":23,"Indian":7,"Chinese":0,"Greek":6,"German":24,"Dutch":14,"SriLankan":3,"Filipino":10}},{"type":"Feature","geometry":{"type":"Polygon","coordinates":[[[145.14042,-38.10019],[145.14053,-38.0997],[145.13892,-38.09951],[145.13927,-38.09879],[145.14011,-38.09839],[145.14056,-38.09791],[145.14088,-38.09712],[145.14122,-38.09717],[145.14142,-38.09636],[145.1416,-38.09638],[145.1417,-38.09583],[145.14195,-38.09586],[145.14213,-38.09497],[145.14605,-38.09543],[145.14398,-38.09786],[145.14059,-38.10278],[145.13995,-38.10447],[145.13968,-38.10612],[145.13892,-38.10602],[145.13952,-38.10239],[145.14017,-38.10016],[145.14042,-38.10019]]]},"properties":{"SA1_CODE_2021":"21401137503","totalResponses":261,"Australian":104,"English":108,"Irish":39,"Scottish":34,"Italian":14,"Indian":0,"Chinese":0,"Greek":7,"German":8,"Dutch":3,"SriLankan":0,"Filipino":0}},{"type":"Feature","geometry":{"type":"Polygon","coordinates":[[[145.13547,-38.10627],[145.1357,-38.10562],[145.13968,-38.10612],[145.13909,-38.10865],[145.13685,-38.1087],[145.13489,-38.10969],[145.13432,-38.11013],[145.13414,-38.11004],[145.13547,-38.10627]]]},"properties":{"SA1_CODE_2021":"21401137506","totalResponses":333,"Australian":126,"English":148,"Irish":46,"Scottish":35,"Italian":8,"Indian":8,"Chinese":0,"Greek":13,"German":13,"Dutch":13,"SriLankan":0,"Filipino":6}},{"type":"Feature","geometry":{"type":"Polygon","coordinates":[[[145.13909,-38.10865],[145.13968,-38.10612],[145.14621,-38.10671],[145.14577,-38.10892],[145.14599,-38.10937],[145.14564,-38.11121],[145.13853,-38.11033],[145.13909,-38.10865]]]},"properties":{"SA1_CODE_2021":"21401137504","totalResponses":438,"Australian":165,"English":164,"Irish":56,"Scottish":37,"Italian":15,"Indian":4,"Chinese":7,"Greek":6,"German":16,"Dutch":12,"SriLankan":0,"Filipino":0}},{"type":"Feature","geometry":{"type":"Polygon","coordinates":[[[145.13339,-38.11085],[145.13489,-38.10969],[145.13628,-38.10892],[145.13685,-38.1087],[145.13909,-38.10865],[145.13765,-38.11314],[145.13719,-38.11777],[145.13648,-38.11984],[145.13588,-38.11982],[145.13593,-38.11776],[145.13583,-38.11723],[145.13548,-38.11653],[145.1304,-38.11048],[145.13339,-38.11085]]]},"properties":{"SA1_CODE_2021":"21401137505","totalResponses":475,"Australian":155,"English":205,"Irish":62,"Scottish":49,"Italian":12,"Indian":6,"Chinese":11,"Greek":3,"German":20,"Dutch":18,"SriLankan":3,"Filipino":3}},{"type":"Feature","geometry":{"type":"Polygon","coordinates":[[[145.15328,-38.10815],[145.15352,-38.10691],[145.16123,-38.1077],[145.16209,-38.10891],[145.1611,-38.10957],[145.1598,-38.11073],[145.1592,-38.1105],[145.15297,-38.10973],[145.15328,-38.10815]]]},"properties":{"SA1_CODE_2021":"21401137529","totalResponses":338,"Australian":115,"English":140,"Irish":27,"Scottish":40,"Italian":9,"Indian":4,"Chinese":9,"Greek":10,"German":14,"Dutch":3,"SriLankan":3,"Filipino":8}},{"type":"Feature","geometry":{"type":"Polygon","coordinates":[[[145.16776,-38.10696],[145.16806,-38.10549],[145.17167,-38.10595],[145.17142,-38.10733],[145.17143,-38.10825],[145.17163,-38.10918],[145.17218,-38.11035],[145.17148,-38.11102],[145.16931,-38.10976],[145.1682,-38.10846],[145.16751,-38.1082],[145.16776,-38.10696]]]},"properties":{"SA1_CODE_2021":"21401137041","totalResponses":403,"Australian":154,"English":139,"Irish":40,"Scottish":34,"Italian":0,"Indian":8,"Chinese":10,"Greek":3,"German":20,"Dutch":8,"SriLankan":0,"Filipino":8}},{"type":"Feature","geometry":{"type":"Polygon","coordinates":[[[145.17132,-38.1059],[145.16768,-38.10544],[145.16916,-38.10366],[145.1695,-38.10379],[145.17163,-38.10402],[145.17223,-38.10432],[145.17429,-38.10417],[145.175,-38.10442],[145.17487,-38.10503],[145.17472,-38.10514],[145.1745,-38.10629],[145.17132,-38.1059]]]},"properties":{"SA1_CODE_2021":"21401137045","totalResponses":377,"Australian":111,"English":155,"Irish":29,"Scottish":31,"Italian":14,"Indian":14,"Chinese":3,"Greek":0,"German":23,"Dutch":12,"SriLankan":3,"Filipino":0}},{"type":"Feature","geometry":{"type":"Polygon","coordinates":[[[145.17529,-38.10793],[145.17479,-38.10811],[145.17336,-38.10822],[145.17149,-38.1087],[145.17141,-38.10748],[145.17167,-38.10595],[145.18006,-38.10697],[145.17975,-38.10827],[145.17901,-38.1092],[145.17811,-38.10874],[145.17595,-38.10844],[145.17529,-38.10793]]]},"properties":{"SA1_CODE_2021":"21401137042","totalResponses":516,"Australian":191,"English":200,"Irish":61,"Scottish":42,"Italian":23,"Indian":21,"Chinese":4,"Greek":9,"German":16,"Dutch":10,"SriLankan":4,"Filipino":17}},{"type":"Feature","geometry":{"type":"Polygon","coordinates":[[[145.17163,-38.10402],[145.1695,-38.10379],[145.16916,-38.10366],[145.16996,-38.10268],[145.17846,-38.10374],[145.17828,-38.10463],[145.17798,-38.1048],[145.17516,-38.10446],[145.17429,-38.10417],[145.17223,-38.10432],[145.17163,-38.10402]]]},"properties":{"SA1_CODE_2021":"21401137057","totalResponses":344,"Australian":91,"English":142,"Irish":36,"Scottish":21,"Italian":20,"Indian":8,"Chinese":7,"Greek":0,"German":20,"Dutch":8,"SriLankan":0,"Filipino":20}},{"type":"Feature","geometry":{"type":"Polygon","coordinates":[[[145.17164,-38.10067],[145.17264,-38.09945],[145.17596,-38.09987],[145.1753,-38.10335],[145.16996,-38.10268],[145.17164,-38.10067]]]},"properties":{"SA1_CODE_2021":"21401137059","totalResponses":461,"Australian":123,"English":146,"Irish":19,"Scottish":35,"Italian":22,"Indian":11,"Chinese":20,"Greek":12,"German":9,"Dutch":6,"SriLankan":3,"Filipino":36}},{"type":"Feature","geometry":{"type":"Polygon","coordinates":[[[145.17816,-38.10476],[145.17846,-38.10374],[145.17993,-38.10386],[145.18187,-38.10356],[145.18215,-38.10515],[145.18143,-38.10531],[145.18072,-38.10574],[145.18026,-38.10633],[145.18006,-38.10697],[145.1745,-38.10629],[145.17472,-38.10514],[145.17487,-38.10503],[145.175,-38.10442],[145.17816,-38.10476]]]},"properties":{"SA1_CODE_2021":"21401137031","totalResponses":588,"Australian":182,"English":228,"Irish":56,"Scottish":47,"Italian":19,"Indian":32,"Chinese":14,"Greek":9,"German":11,"Dutch":7,"SriLankan":0,"Filipino":23}},{"type":"Feature","geometry":{"type":"Polygon","coordinates":[[[145.17563,-38.1016],[145.17596,-38.09987],[145.18266,-38.10071],[145.18245,-38.10158],[145.18188,-38.1028],[145.18187,-38.10356],[145.1801,-38.10384],[145.17931,-38.10384],[145.1753,-38.10335],[145.17563,-38.1016]]]},"properties":{"SA1_CODE_2021":"21401137061","totalResponses":560,"Australian":164,"English":221,"Irish":63,"Scottish":48,"Italian":38,"Indian":22,"Chinese":10,"Greek":9,"German":23,"Dutch":15,"SriLankan":16,"Filipino":6}},{"type":"Feature","geometry":{"type":"Polygon","coordinates":[[[145.16426,-38.09834],[145.15663,-38.09734],[145.15548,-38.09751],[145.15475,-38.09805],[145.15366,-38.09635],[145.15483,-38.09116],[145.15792,-38.08994],[145.1665,-38.08713],[145.16706,-38.08799],[145.16485,-38.09842],[145.16426,-38.09834]]]},"properties":{"SA1_CODE_2021":"21401137026","totalResponses":8,"Australian":4,"English":0,"Irish":0,"Scottish":0,"Italian":0,"Indian":0,"Chinese":5,"Greek":0,"German":0,"Dutch":0,"SriLankan":0,"Filipino":0}},{"type":"Feature","geometry":{"type":"Polygon","coordinates":[[[145.17354,-38.09133],[145.17369,-38.09061],[145.17699,-38.09105],[145.17682,-38.09189],[145.1787,-38.09218],[145.17624,-38.0951],[145.17484,-38.0945],[145.17528,-38.09392],[145.1716,-38.09344],[145.17208,-38.09114],[145.17354,-38.09133]]]},"properties":{"SA1_CODE_2021":"21401137047","totalResponses":565,"Australian":185,"English":198,"Irish":47,"Scottish":55,"Italian":23,"Indian":31,"Chinese":3,"Greek":16,"German":12,"Dutch":13,"SriLankan":6,"Filipino":19}},{"type":"Feature","geometry":{"type":"Polygon","coordinates":[[[145.16629,-38.09161],[145.16706,-38.08799],[145.17264,-38.0887],[145.17245,-38.08959],[145.17287,-38.08964],[145.17254,-38.0912],[145.17208,-38.09114],[145.1716,-38.09344],[145.17528,-38.09392],[145.17484,-38.0945],[145.17624,-38.0951],[145.17264,-38.09945],[145.16485,-38.09842],[145.16629,-38.09161]]]},"properties":{"SA1_CODE_2021":"21401137050","totalResponses":8,"Australian":3,"English":0,"Irish":0,"Scottish":3,"Italian":0,"Indian":0,"Chinese":0,"Greek":0,"German":0,"Dutch":0,"SriLankan":0,"Filipino":0}},{"type":"Feature","geometry":{"type":"Polygon","coordinates":[[[145.17667,-38.0965],[145.17541,-38.09608],[145.17773,-38.0933],[145.18016,-38.09456],[145.17957,-38.09538],[145.18156,-38.09634],[145.18165,-38.09722],[145.18126,-38.09802],[145.17667,-38.0965]]]},"properties":{"SA1_CODE_2021":"21401137063","totalResponses":482,"Australian":140,"English":113,"Irish":28,"Scottish":25,"Italian":27,"Indian":63,"Chinese":14,"Greek":11,"German":14,"Dutch":6,"SriLankan":4,"Filipino":18}},{"type":"Feature","geometry":{"type":"Polygon","coordinates":[[[145.17479,-38.09682],[145.17541,-38.09608],[145.18476,-38.09917],[145.18441,-38.10093],[145.17264,-38.09945],[145.17479,-38.09682]]]},"properties":{"SA1_CODE_2021":"21401137011","totalResponses":707,"Australian":229,"English":252,"Irish":64,"Scottish":81,"Italian":27,"Indian":20,"Chinese":20,"Greek":13,"German":32,"Dutch":12,"SriLankan":9,"Filipino":28}},{"type":"Feature","geometry":{"type":"Polygon","coordinates":[[[145.17287,-38.08964],[145.17245,-38.08959],[145.17264,-38.0887],[145.16706,-38.08799],[145.1665,-38.08713],[145.17009,-38.08597],[145.17304,-38.08468],[145.18326,-38.08593],[145.1787,-38.09218],[145.17682,-38.09189],[145.17699,-38.09105],[145.17369,-38.09061],[145.17354,-38.09133],[145.17254,-38.0912],[145.17287,-38.08964]]]},"properties":{"SA1_CODE_2021":"21401137056","totalResponses":639,"Australian":172,"English":168,"Irish":32,"Scottish":54,"Italian":13,"Indian":44,"Chinese":18,"Greek":19,"German":16,"Dutch":9,"SriLankan":6,"Filipino":40}},{"type":"Feature","geometry":{"type":"Polygon","coordinates":[[[145.18006,-38.10697],[145.18036,-38.10615],[145.18114,-38.10545],[145.18127,-38.10568],[145.1821,-38.1056],[145.18235,-38.10585],[145.1828,-38.10585],[145.18314,-38.10695],[145.18282,-38.10914],[145.18326,-38.11051],[145.18322,-38.11131],[145.18246,-38.11116],[145.17913,-38.10965],[145.17867,-38.10957],[145.17971,-38.10836],[145.18006,-38.10697]]]},"properties":{"SA1_CODE_2021":"21401137018","totalResponses":370,"Australian":127,"English":127,"Irish":26,"Scottish":26,"Italian":20,"Indian":15,"Chinese":9,"Greek":8,"German":21,"Dutch":7,"SriLankan":19,"Filipino":10}},{"type":"Feature","geometry":{"type":"Polygon","coordinates":[[[145.18309,-38.1067],[145.1828,-38.10585],[145.18235,-38.10585],[145.1821,-38.1056],[145.18127,-38.10568],[145.18114,-38.10545],[145.18143,-38.10531],[145.18215,-38.10515],[145.18525,-38.1049],[145.1859,-38.10468],[145.18639,-38.10434],[145.18707,-38.10472],[145.18764,-38.1048],[145.18711,-38.10775],[145.18313,-38.10734],[145.18309,-38.1067]]]},"properties":{"SA1_CODE_2021":"21401137037","totalResponses":369,"Australian":132,"English":129,"Irish":34,"Scottish":33,"Italian":9,"Indian":4,"Chinese":17,"Greek":9,"German":6,"Dutch":5,"SriLankan":7,"Filipino":12}},{"type":"Feature","geometry":{"type":"Polygon","coordinates":[[[145.18982,-38.10703],[145.19084,-38.10716],[145.19222,-38.1078],[145.19157,-38.10847],[145.19129,-38.1095],[145.18934,-38.10927],[145.18901,-38.10939],[145.18886,-38.10973],[145.18792,-38.10962],[145.18811,-38.10834],[145.18772,-38.1076],[145.18878,-38.107],[145.18982,-38.10703]]]},"properties":{"SA1_CODE_2021":"21401137015","totalResponses":265,"Australian":82,"English":100,"Irish":37,"Scottish":23,"Italian":18,"Indian":9,"Chinese":0,"Greek":3,"German":7,"Dutch":4,"SriLankan":4,"Filipino":8}},{"type":"Feature","geometry":{"type":"Polygon","coordinates":[[[145.19196,-38.108],[145.19256,-38.1074],[145.19301,-38.10635],[145.1935,-38.10595],[145.1939,-38.10634],[145.19441,-38.10659],[145.19602,-38.10683],[145.19528,-38.1106],[145.19399,-38.11037],[145.19271,-38.10971],[145.19129,-38.1095],[145.19151,-38.10859],[145.19196,-38.108]]]},"properties":{"SA1_CODE_2021":"21401137016","totalResponses":428,"Australian":142,"English":151,"Irish":51,"Scottish":40,"Italian":22,"Indian":19,"Chinese":0,"Greek":11,"German":9,"Dutch":11,"SriLankan":3,"Filipino":7}},{"type":"Feature","geometry":{"type":"Polygon","coordinates":[[[145.19578,-38.10803],[145.19595,-38.10716],[145.20019,-38.10767],[145.19977,-38.10971],[145.19556,-38.10915],[145.19578,-38.10803]]]},"properties":{"SA1_CODE_2021":"21401137618","totalResponses":331,"Australian":139,"English":117,"Irish":32,"Scottish":25,"Italian":9,"Indian":7,"Chinese":9,"Greek":14,"German":0,"Dutch":8,"SriLankan":9,"Filipino":23}},{"type":"Feature","geometry":{"type":"Polygon","coordinates":[[[145.19971,-38.10761],[145.19595,-38.10716],[145.19632,-38.10531],[145.19912,-38.10564],[145.19974,-38.10548],[145.20025,-38.10592],[145.20044,-38.10646],[145.20019,-38.10767],[145.19971,-38.10761]]]},"properties":{"SA1_CODE_2021":"21401137610","totalResponses":309,"Australian":108,"English":123,"Irish":18,"Scottish":7,"Italian":13,"Indian":13,"Chinese":10,"Greek":15,"German":13,"Dutch":14,"SriLankan":9,"Filipino":17}},{"type":"Feature","geometry":{"type":"Polygon","coordinates":[[[145.19292,-38.10525],[145.1935,-38.10595],[145.19301,-38.10635],[145.19262,-38.1073],[145.19222,-38.1078],[145.19084,-38.10716],[145.18923,-38.10696],[145.18859,-38.10706],[145.1878,-38.10756],[145.18711,-38.10775],[145.18764,-38.1048],[145.1881,-38.10473],[145.18848,-38.1045],[145.18885,-38.10386],[145.1892,-38.10359],[145.18975,-38.10349],[145.19117,-38.10365],[145.19253,-38.10343],[145.19282,-38.10408],[145.19292,-38.10525]]]},"properties":{"SA1_CODE_2021":"21401137035","totalResponses":367,"Australian":133,"English":156,"Irish":28,"Scottish":34,"Italian":16,"Indian":3,"Chinese":8,"Greek":5,"German":11,"Dutch":18,"SriLankan":10,"Filipino":4}},{"type":"Feature","geometry":{"type":"Polygon","coordinates":[[[145.19093,-38.10174],[145.19259,-38.10195],[145.19242,-38.1028],[145.19253,-38.10343],[145.19117,-38.10365],[145.18931,-38.10355],[145.18891,-38.10378],[145.18848,-38.1045],[145.18787,-38.10477],[145.18707,-38.10472],[145.18639,-38.10434],[145.1874,-38.1031],[145.18779,-38.10135],[145.19093,-38.10174]]]},"properties":{"SA1_CODE_2021":"21401137036","totalResponses":347,"Australian":137,"English":136,"Irish":32,"Scottish":24,"Italian":15,"Indian":7,"Chinese":0,"Greek":8,"German":13,"Dutch":3,"SriLankan":0,"Filipino":6}},{"type":"Feature","geometry":{"type":"Polygon","coordinates":[[[145.19662,-38.10381],[145.19602,-38.10683],[145.19418,-38.1065],[145.19313,-38.10557],[145.19285,-38.10508],[145.19282,-38.10408],[145.19243,-38.10314],[145.19259,-38.10195],[145.19688,-38.10248],[145.19662,-38.10381]]]},"properties":{"SA1_CODE_2021":"21401137017","totalResponses":420,"Australian":137,"English":148,"Irish":39,"Scottish":47,"Italian":16,"Indian":10,"Chinese":16,"Greek":16,"German":15,"Dutch":13,"SriLankan":0,"Filipino":4}},{"type":"Feature","geometry":{"type":"Polygon","coordinates":[[[145.19325,-38.0986],[145.19344,-38.09764],[145.19779,-38.09819],[145.19688,-38.10248],[145.19169,-38.10184],[145.19236,-38.0985],[145.19325,-38.0986]]]},"properties":{"SA1_CODE_2021":"21401137010","totalResponses":814,"Australian":254,"English":247,"Irish":63,"Scottish":70,"Italian":33,"Indian":44,"Chinese":15,"Greek":28,"German":18,"Dutch":4,"SriLankan":17,"Filipino":30}},{"type":"Feature","geometry":{"type":"Polygon","coordinates":[[[145.18699,-38.10367],[145.18625,-38.10445],[145.18547,-38.10485],[145.18215,-38.10515],[145.18185,-38.10293],[145.18245,-38.10158],[145.18266,-38.10071],[145.18779,-38.10135],[145.18744,-38.10299],[145.18699,-38.10367]]]},"properties":{"SA1_CODE_2021":"21401137034","totalResponses":298,"Australian":104,"English":94,"Irish":30,"Scottish":33,"Italian":20,"Indian":5,"Chinese":7,"Greek":0,"German":17,"Dutch":11,"SriLankan":0,"Filipino":6}},{"type":"Feature","geometry":{"type":"Polygon","coordinates":[[[145.20068,-38.10479],[145.20134,-38.10303],[145.20519,-38.1035],[145.20555,-38.10398],[145.20242,-38.10554],[145.20147,-38.10613],[145.20037,-38.10615],[145.19974,-38.10548],[145.20068,-38.10479]]]},"properties":{"SA1_CODE_2021":"21401137601","totalResponses":296,"Australian":114,"English":90,"Irish":19,"Scottish":28,"Italian":18,"Indian":6,"Chinese":0,"Greek":8,"German":9,"Dutch":3,"SriLankan":3,"Filipino":0}},{"type":"Feature","geometry":{"type":"Polygon","coordinates":[[[145.19654,-38.10418],[145.19688,-38.10248],[145.20134,-38.10303],[145.20075,-38.1047],[145.19945,-38.1056],[145.19632,-38.10531],[145.19654,-38.10418]]]},"properties":{"SA1_CODE_2021":"21401137611","totalResponses":429,"Australian":121,"English":153,"Irish":30,"Scottish":34,"Italian":25,"Indian":16,"Chinese":5,"Greek":16,"German":12,"Dutch":3,"SriLankan":11,"Filipino":18}},{"type":"Feature","geometry":{"type":"Polygon","coordinates":[[[145.20104,-38.0973],[145.20117,-38.09673],[145.20168,-38.09608],[145.20182,-38.09544],[145.20377,-38.09569],[145.20341,-38.09747],[145.20381,-38.09752],[145.20364,-38.09841],[145.20206,-38.099],[145.20135,-38.09955],[145.20109,-38.09952],[145.20041,-38.10292],[145.1999,-38.10286],[145.19996,-38.10206],[145.19944,-38.10106],[145.19939,-38.1005],[145.19965,-38.09963],[145.20078,-38.09812],[145.20104,-38.0973]]]},"properties":{"SA1_CODE_2021":"21401137612","totalResponses":418,"Australian":172,"English":166,"Irish":55,"Scottish":43,"Italian":22,"Indian":12,"Chinese":3,"Greek":3,"German":16,"Dutch":6,"SriLankan":0,"Filipino":9}},{"type":"Feature","geometry":{"type":"Polygon","coordinates":[[[145.19796,-38.09732],[145.19818,-38.09621],[145.2005,-38.09646],[145.20117,-38.09673],[145.20078,-38.09812],[145.19973,-38.09947],[145.19939,-38.1005],[145.19944,-38.10106],[145.19996,-38.10206],[145.1999,-38.10286],[145.19688,-38.10248],[145.19796,-38.09732]]]},"properties":{"SA1_CODE_2021":"21401137613","totalResponses":508,"Australian":191,"English":184,"Irish":40,"Scottish":66,"Italian":20,"Indian":3,"Chinese":5,"Greek":8,"German":15,"Dutch":24,"SriLankan":0,"Filipino":7}},{"type":"Feature","geometry":{"type":"Polygon","coordinates":[[[145.18492,-38.09833],[145.1851,-38.09744],[145.18547,-38.09709],[145.18777,-38.09737],[145.18742,-38.09864],[145.18886,-38.09881],[145.18835,-38.10142],[145.18441,-38.10093],[145.18492,-38.09833]]]},"properties":{"SA1_CODE_2021":"21401137065","totalResponses":412,"Australian":113,"English":171,"Irish":34,"Scottish":54,"Italian":19,"Indian":9,"Chinese":10,"Greek":14,"German":9,"Dutch":9,"SriLankan":0,"Filipino":9}},{"type":"Feature","geometry":{"type":"Polygon","coordinates":[[[145.17982,-38.09504],[145.18016,-38.09456],[145.18262,-38.09581],[145.18312,-38.09583],[145.18485,-38.09552],[145.18558,-38.09579],[145.18631,-38.09629],[145.1851,-38.09744],[145.18476,-38.09917],[145.18126,-38.09802],[145.18165,-38.09722],[145.18156,-38.09634],[145.17957,-38.09538],[145.17982,-38.09504]]]},"properties":{"SA1_CODE_2021":"21401137064","totalResponses":397,"Australian":131,"English":123,"Irish":26,"Scottish":38,"Italian":19,"Indian":19,"Chinese":17,"Greek":0,"German":7,"Dutch":5,"SriLankan":0,"Filipino":9}},{"type":"Feature","geometry":{"type":"Polygon","coordinates":[[[145.18307,-38.09134],[145.18418,-38.08996],[145.18753,-38.09142],[145.18704,-38.09378],[145.18841,-38.09439],[145.18631,-38.09629],[145.18558,-38.09579],[145.18485,-38.09552],[145.18312,-38.09583],[145.18262,-38.09581],[145.18061,-38.09487],[145.18001,-38.09445],[145.1805,-38.09412],[145.18267,-38.09116],[145.18307,-38.09134]]]},"properties":{"SA1_CODE_2021":"21401137055","totalResponses":517,"Australian":165,"English":201,"Irish":51,"Scottish":44,"Italian":22,"Indian":34,"Chinese":14,"Greek":4,"German":12,"Dutch":6,"SriLankan":0,"Filipino":3}},{"type":"Feature","geometry":{"type":"Polygon","coordinates":[[[145.17885,-38.09195],[145.18028,-38.08993],[145.18274,-38.09106],[145.1805,-38.09412],[145.18001,-38.09445],[145.17773,-38.0933],[145.17885,-38.09195]]]},"properties":{"SA1_CODE_2021":"21401137049","totalResponses":311,"Australian":91,"English":148,"Irish":31,"Scottish":32,"Italian":0,"Indian":0,"Chinese":0,"Greek":0,"German":4,"Dutch":5,"SriLankan":0,"Filipino":9}},{"type":"Feature","geometry":{"type":"Polygon","coordinates":[[[145.18631,-38.09629],[145.18841,-38.09439],[145.19296,-38.09497],[145.19228,-38.09841],[145.19229,-38.09887],[145.19067,-38.09866],[145.19078,-38.09809],[145.19033,-38.09795],[145.19029,-38.09814],[145.18758,-38.09782],[145.18777,-38.09737],[145.18547,-38.09709],[145.18631,-38.09629]]]},"properties":{"SA1_CODE_2021":"21401137044","totalResponses":546,"Australian":189,"English":182,"Irish":36,"Scottish":51,"Italian":20,"Indian":22,"Chinese":7,"Greek":11,"German":16,"Dutch":15,"SriLankan":4,"Filipino":12}},{"type":"Feature","geometry":{"type":"Polygon","coordinates":[[[145.18723,-38.09287],[145.18753,-38.09142],[145.18767,-38.09139],[145.18862,-38.09139],[145.19153,-38.09174],[145.19147,-38.09202],[145.19196,-38.09208],[145.19169,-38.09342],[145.19004,-38.09322],[145.19003,-38.09461],[145.18849,-38.09442],[145.18704,-38.09378],[145.18723,-38.09287]]]},"properties":{"SA1_CODE_2021":"21401137051","totalResponses":476,"Australian":175,"English":153,"Irish":31,"Scottish":48,"Italian":9,"Indian":31,"Chinese":3,"Greek":4,"German":18,"Dutch":6,"SriLankan":13,"Filipino":18}},{"type":"Feature","geometry":{"type":"Polygon","coordinates":[[[145.19169,-38.09342],[145.19196,-38.09208],[145.19501,-38.09254],[145.19515,-38.09189],[145.19904,-38.09237],[145.1983,-38.09563],[145.19003,-38.09461],[145.19004,-38.09322],[145.19169,-38.09342]]]},"properties":{"SA1_CODE_2021":"21401137053","totalResponses":435,"Australian":153,"English":143,"Irish":36,"Scottish":39,"Italian":25,"Indian":6,"Chinese":15,"Greek":13,"German":10,"Dutch":10,"SriLankan":6,"Filipino":19}},{"type":"Feature","geometry":{"type":"Polygon","coordinates":[[[145.19263,-38.09661],[145.19296,-38.09497],[145.1983,-38.09563],[145.19779,-38.09819],[145.19344,-38.09764],[145.19325,-38.0986],[145.19236,-38.0985],[145.19228,-38.09841],[145.19263,-38.09661]]]},"properties":{"SA1_CODE_2021":"21401137009","totalResponses":543,"Australian":213,"English":195,"Irish":23,"Scottish":34,"Italian":30,"Indian":24,"Chinese":0,"Greek":11,"German":33,"Dutch":16,"SriLankan":0,"Filipino":16}},{"type":"Feature","geometry":{"type":"Polygon","coordinates":[[[145.19067,-38.09866],[145.19229,-38.09887],[145.19169,-38.10184],[145.18835,-38.10142],[145.18886,-38.09881],[145.18742,-38.09864],[145.18758,-38.09782],[145.19029,-38.09814],[145.19033,-38.09795],[145.19078,-38.09809],[145.19067,-38.09866]]]},"properties":{"SA1_CODE_2021":"21401137060","totalResponses":503,"Australian":204,"English":214,"Irish":55,"Scottish":39,"Italian":17,"Indian":18,"Chinese":15,"Greek":12,"German":20,"Dutch":14,"SriLankan":10,"Filipino":8}},{"type":"Feature","geometry":{"type":"Polygon","coordinates":[[[145.20119,-38.09298],[145.201,-38.09223],[145.20129,-38.09167],[145.20264,-38.09214],[145.202,-38.09507],[145.20189,-38.09509],[145.20168,-38.09608],[145.20147,-38.09642],[145.20117,-38.09673],[145.2005,-38.09646],[145.19818,-38.09621],[145.19895,-38.09278],[145.20119,-38.09298]]]},"properties":{"SA1_CODE_2021":"21401137614","totalResponses":503,"Australian":186,"English":214,"Irish":63,"Scottish":49,"Italian":18,"Indian":14,"Chinese":4,"Greek":12,"German":15,"Dutch":17,"SriLankan":5,"Filipino":10}},{"type":"Feature","geometry":{"type":"Polygon","coordinates":[[[145.19961,-38.08965],[145.19997,-38.08798],[145.20346,-38.08837],[145.20264,-38.09214],[145.20129,-38.09167],[145.201,-38.09223],[145.20119,-38.09298],[145.19895,-38.09278],[145.19961,-38.08965]]]},"properties":{"SA1_CODE_2021":"21401137615","totalResponses":506,"Australian":201,"English":197,"Irish":57,"Scottish":54,"Italian":20,"Indian":7,"Chinese":13,"Greek":16,"German":25,"Dutch":15,"SriLankan":0,"Filipino":12}},{"type":"Feature","geometry":{"type":"Polygon","coordinates":[[[145.19561,-38.08414],[145.19599,-38.08419],[145.19685,-38.08541],[145.19763,-38.08605],[145.19898,-38.08665],[145.20021,-38.08685],[145.19997,-38.08798],[145.19256,-38.08712],[145.19348,-38.08237],[145.19433,-38.08288],[145.19426,-38.08323],[145.19468,-38.08308],[145.19585,-38.08375],[145.19561,-38.08414]]]},"properties":{"SA1_CODE_2021":"21401137625","totalResponses":771,"Australian":221,"English":233,"Irish":58,"Scottish":59,"Italian":29,"Indian":49,"Chinese":19,"Greek":32,"German":21,"Dutch":15,"SriLankan":18,"Filipino":6}},{"type":"Feature","geometry":{"type":"Polygon","coordinates":[[[145.19585,-38.08375],[145.19468,-38.08308],[145.19426,-38.08323],[145.19433,-38.08288],[145.19348,-38.08237],[145.19356,-38.08197],[145.19419,-38.08234],[145.19536,-38.08248],[145.19505,-38.08286],[145.19613,-38.08352],[145.19641,-38.08324],[145.19786,-38.0839],[145.20006,-38.08559],[145.20045,-38.08568],[145.20021,-38.08685],[145.19898,-38.08665],[145.19763,-38.08605],[145.19685,-38.08541],[145.19599,-38.08419],[145.1956,-38.08419],[145.19585,-38.08375]]]},"properties":{"SA1_CODE_2021":"21401137629","totalResponses":0,"Australian":0,"English":0,"Irish":0,"Scottish":0,"Italian":0,"Indian":0,"Chinese":0,"Greek":0,"German":0,"Dutch":0,"SriLankan":0,"Filipino":0}},{"type":"Feature","geometry":{"type":"Polygon","coordinates":[[[145.18794,-38.08956],[145.18851,-38.08657],[145.19154,-38.08698],[145.1909,-38.08977],[145.19286,-38.09015],[145.19243,-38.09214],[145.19147,-38.09202],[145.19153,-38.09174],[145.18862,-38.09139],[145.18753,-38.09142],[145.18794,-38.08956]]]},"properties":{"SA1_CODE_2021":"21401137006","totalResponses":684,"Australian":238,"English":240,"Irish":53,"Scottish":54,"Italian":36,"Indian":40,"Chinese":10,"Greek":14,"German":19,"Dutch":20,"SriLankan":4,"Filipino":19}},{"type":"Feature","geometry":{"type":"Polygon","coordinates":[[[145.19132,-38.08794],[145.19154,-38.08698],[145.19612,-38.08754],[145.19546,-38.09046],[145.19234,-38.09009],[145.19189,-38.0899],[145.1909,-38.08977],[145.19132,-38.08794]]]},"properties":{"SA1_CODE_2021":"21401137062","totalResponses":551,"Australian":209,"English":231,"Irish":41,"Scottish":39,"Italian":35,"Indian":19,"Chinese":14,"Greek":15,"German":28,"Dutch":10,"SriLankan":0,"Filipino":18}},{"type":"Feature","geometry":{"type":"Polygon","coordinates":[[[145.19581,-38.08889],[145.19612,-38.08754],[145.19997,-38.08798],[145.19941,-38.09064],[145.19761,-38.09037],[145.19752,-38.09071],[145.19674,-38.09057],[145.19677,-38.09043],[145.19596,-38.09032],[145.19592,-38.09052],[145.19546,-38.09046],[145.19581,-38.08889]]]},"properties":{"SA1_CODE_2021":"21401137058","totalResponses":462,"Australian":143,"English":139,"Irish":32,"Scottish":38,"Italian":26,"Indian":17,"Chinese":4,"Greek":14,"German":15,"Dutch":13,"SriLankan":4,"Filipino":18}},{"type":"Feature","geometry":{"type":"Polygon","coordinates":[[[145.19268,-38.09087],[145.19286,-38.09015],[145.19592,-38.09052],[145.19596,-38.09032],[145.19677,-38.09043],[145.19674,-38.09057],[145.19752,-38.09071],[145.19761,-38.09037],[145.19941,-38.09064],[145.19904,-38.09237],[145.19515,-38.09189],[145.19501,-38.09254],[145.19243,-38.09214],[145.19268,-38.09087]]]},"properties":{"SA1_CODE_2021":"21401137048","totalResponses":391,"Australian":146,"English":137,"Irish":26,"Scottish":17,"Italian":17,"Indian":6,"Chinese":25,"Greek":4,"German":5,"Dutch":0,"SriLankan":4,"Filipino":14}},{"type":"Feature","geometry":{"type":"Polygon","coordinates":[[[145.18187,-38.0878],[145.18326,-38.08593],[145.18638,-38.08631],[145.1838,-38.08979],[145.18418,-38.08996],[145.18307,-38.09134],[145.18267,-38.09116],[145.18274,-38.09106],[145.18028,-38.08993],[145.18187,-38.0878]]]},"properties":{"SA1_CODE_2021":"21401137046","totalResponses":502,"Australian":102,"English":145,"Irish":29,"Scottish":26,"Italian":14,"Indian":44,"Chinese":6,"Greek":11,"German":8,"Dutch":87,"SriLankan":0,"Filipino":18}},{"type":"Feature","geometry":{"type":"Polygon","coordinates":[[[145.21194,-38.08327],[145.21072,-38.08199],[145.20862,-38.08143],[145.20878,-38.08074],[145.21035,-38.0803],[145.2115,-38.08037],[145.21215,-38.08058],[145.21285,-38.08099],[145.21271,-38.08111],[145.21277,-38.08174],[145.2138,-38.08257],[145.2144,-38.08351],[145.21374,-38.08406],[145.2138,-38.0846],[145.21359,-38.08592],[145.2132,-38.08716],[145.21264,-38.0869],[145.21226,-38.0853],[145.21231,-38.08494],[145.21302,-38.08484],[145.21311,-38.0847],[145.21194,-38.08327]]]},"properties":{"SA1_CODE_2021":"21401137630","totalResponses":0,"Australian":0,"English":0,"Irish":0,"Scottish":0,"Italian":0,"Indian":0,"Chinese":0,"Greek":0,"German":0,"Dutch":0,"SriLankan":0,"Filipino":0}},{"type":"Feature","geometry":{"type":"Polygon","coordinates":[[[145.20641,-38.08536],[145.20597,-38.08533],[145.20605,-38.0849],[145.20805,-38.08524],[145.20871,-38.08501],[145.20899,-38.08479],[145.21048,-38.08187],[145.21072,-38.08199],[145.21167,-38.0829],[145.21311,-38.0847],[145.21302,-38.08484],[145.21237,-38.08491],[145.21226,-38.08502],[145.2123,-38.08577],[145.21264,-38.0869],[145.2132,-38.08716],[145.21294,-38.08792],[145.21304,-38.08846],[145.21286,-38.08948],[145.20756,-38.08883],[145.20754,-38.08855],[145.20777,-38.08852],[145.20795,-38.08828],[145.20753,-38.08823],[145.20767,-38.08774],[145.20751,-38.08723],[145.20704,-38.08738],[145.20667,-38.08665],[145.20684,-38.08659],[145.20639,-38.08579],[145.20641,-38.08536]]]},"properties":{"SA1_CODE_2021":"21401137631","totalResponses":793,"Australian":285,"English":301,"Irish":70,"Scottish":72,"Italian":26,"Indian":21,"Chinese":34,"Greek":17,"German":17,"Dutch":28,"SriLankan":4,"Filipino":18}},{"type":"Feature","geometry":{"type":"Polygon","coordinates":[[[145.2144,-38.08351],[145.2138,-38.08257],[145.21277,-38.08174],[145.21271,-38.08111],[145.21285,-38.08099],[145.21327,-38.08099],[145.21402,-38.08152],[145.21513,-38.08262],[145.21583,-38.08209],[145.21796,-38.08176],[145.21894,-38.0818],[145.21923,-38.08165],[145.21943,-38.08114],[145.22026,-38.08124],[145.21908,-38.08689],[145.21666,-38.08659],[145.21665,-38.08547],[145.21625,-38.08395],[145.21565,-38.0839],[145.21558,-38.08428],[145.21461,-38.08454],[145.21453,-38.08478],[145.21374,-38.08498],[145.21375,-38.08404],[145.2144,-38.08351]]]},"properties":{"SA1_CODE_2021":"21401137627","totalResponses":363,"Australian":99,"English":166,"Irish":48,"Scottish":45,"Italian":21,"Indian":11,"Chinese":11,"Greek":3,"German":9,"Dutch":5,"SriLankan":0,"Filipino":7}},{"type":"Feature","geometry":{"type":"Polygon","coordinates":[[[145.21453,-38.08478],[145.21461,-38.08454],[145.21558,-38.08428],[145.21565,-38.0839],[145.21625,-38.08395],[145.21665,-38.08547],[145.21666,-38.08659],[145.21908,-38.08689],[145.21839,-38.09018],[145.21286,-38.08948],[145.21304,-38.08846],[145.21294,-38.08792],[145.21339,-38.08667],[145.21374,-38.08498],[145.21453,-38.08478]]]},"properties":{"SA1_CODE_2021":"21401137632","totalResponses":483,"Australian":131,"English":201,"Irish":49,"Scottish":63,"Italian":22,"Indian":9,"Chinese":14,"Greek":13,"German":23,"Dutch":11,"SriLankan":6,"Filipino":4}},{"type":"Feature","geometry":{"type":"Polygon","coordinates":[[[145.2032,-38.08374],[145.20324,-38.08316],[145.20279,-38.08266],[145.20259,-38.08264],[145.20264,-38.08241],[145.20217,-38.08185],[145.20286,-38.08137],[145.20353,-38.08146],[145.2043,-38.08214],[145.20548,-38.08284],[145.20747,-38.08342],[145.20776,-38.08314],[145.20862,-38.08143],[145.21041,-38.08199],[145.20899,-38.08479],[145.20871,-38.08501],[145.20805,-38.08524],[145.20554,-38.08481],[145.20512,-38.08487],[145.20397,-38.08573],[145.20168,-38.08676],[145.20152,-38.08693],[145.20022,-38.08677],[145.20054,-38.08525],[145.20128,-38.08535],[145.20241,-38.08448],[145.20275,-38.08385],[145.20308,-38.08389],[145.2032,-38.08374]]]},"properties":{"SA1_CODE_2021":"21401137628","totalResponses":0,"Australian":0,"English":0,"Irish":0,"Scottish":0,"Italian":0,"Indian":0,"Chinese":0,"Greek":0,"German":0,"Dutch":0,"SriLankan":0,"Filipino":0}},{"type":"Feature","geometry":{"type":"Polygon","coordinates":[[[145.20152,-38.08693],[145.20168,-38.08676],[145.20397,-38.08573],[145.20505,-38.0849],[145.20546,-38.0848],[145.20605,-38.0849],[145.20597,-38.08533],[145.20641,-38.08536],[145.20639,-38.08579],[145.20684,-38.08659],[145.20667,-38.08665],[145.20704,-38.08738],[145.20751,-38.08723],[145.20767,-38.08774],[145.20753,-38.08823],[145.20795,-38.08828],[145.20777,-38.08852],[145.20754,-38.08855],[145.20756,-38.08883],[145.19997,-38.08798],[145.20022,-38.08677],[145.20152,-38.08693]]]},"properties":{"SA1_CODE_2021":"21401137622","totalResponses":556,"Australian":189,"English":205,"Irish":49,"Scottish":28,"Italian":19,"Indian":32,"Chinese":31,"Greek":9,"German":26,"Dutch":13,"SriLankan":5,"Filipino":12}},{"type":"Feature","geometry":{"type":"Polygon","coordinates":[[[145.2012,-38.08212],[145.20172,-38.08205],[145.20211,-38.08179],[145.20264,-38.08241],[145.20259,-38.08264],[145.20279,-38.08266],[145.20324,-38.08316],[145.20321,-38.08366],[145.20308,-38.08389],[145.20275,-38.08385],[145.20241,-38.08448],[145.20128,-38.08535],[145.20054,-38.08525],[145.20045,-38.08568],[145.20006,-38.08559],[145.19786,-38.0839],[145.19641,-38.08324],[145.19661,-38.08293],[145.19697,-38.08306],[145.19808,-38.08356],[145.19893,-38.08412],[145.19935,-38.08349],[145.19965,-38.08193],[145.2012,-38.08212]]]},"properties":{"SA1_CODE_2021":"21401137626","totalResponses":389,"Australian":110,"English":135,"Irish":40,"Scottish":36,"Italian":13,"Indian":15,"Chinese":8,"Greek":7,"German":6,"Dutch":12,"SriLankan":10,"Filipino":8}},{"type":"Feature","geometry":{"type":"Polygon","coordinates":[[[145.194,-38.08223],[145.19356,-38.08197],[145.19378,-38.08081],[145.20128,-38.08175],[145.2012,-38.08212],[145.19965,-38.08193],[145.19935,-38.08349],[145.19893,-38.08412],[145.19808,-38.08356],[145.19661,-38.08293],[145.19613,-38.08352],[145.19505,-38.08286],[145.19536,-38.08248],[145.194,-38.08223]]]},"properties":{"SA1_CODE_2021":"21401137621","totalResponses":539,"Australian":141,"English":156,"Irish":36,"Scottish":34,"Italian":25,"Indian":32,"Chinese":20,"Greek":19,"German":26,"Dutch":14,"SriLankan":8,"Filipino":12}},{"type":"Feature","geometry":{"type":"Polygon","coordinates":[[[145.10978,-38.17229],[145.11113,-38.17126],[145.11133,-38.17081],[145.11136,-38.17036],[145.11727,-38.17287],[145.11634,-38.17462],[145.11298,-38.17625],[145.11524,-38.17914],[145.11324,-38.18021],[145.10795,-38.17344],[145.10864,-38.17313],[145.10978,-38.17229]]]},"properties":{"SA1_CODE_2021":"21401137304","totalResponses":389,"Australian":165,"English":177,"Irish":40,"Scottish":38,"Italian":11,"Indian":0,"Chinese":12,"Greek":12,"German":15,"Dutch":18,"SriLankan":4,"Filipino":0}},{"type":"Feature","geometry":{"type":"Polygon","coordinates":[[[145.14621,-38.17903],[145.14739,-38.17924],[145.14785,-38.1795],[145.14818,-38.17996],[145.14911,-38.18009],[145.14863,-38.18173],[145.149,-38.1819],[145.14895,-38.18278],[145.14423,-38.18305],[145.14392,-38.18389],[145.14306,-38.18372],[145.1419,-38.18402],[145.1406,-38.1828],[145.14,-38.18248],[145.13979,-38.18216],[145.13915,-38.17993],[145.14102,-38.17951],[145.14292,-38.17941],[145.14447,-38.17889],[145.14621,-38.17903]]]},"properties":{"SA1_CODE_2021":"21401137340","totalResponses":578,"Australian":204,"English":261,"Irish":81,"Scottish":85,"Italian":31,"Indian":6,"Chinese":7,"Greek":21,"German":27,"Dutch":10,"SriLankan":0,"Filipino":0}},{"type":"Feature","geometry":{"type":"Polygon","coordinates":[[[145.14878,-38.18143],[145.14911,-38.18009],[145.14818,-38.17996],[145.1476,-38.17933],[145.14823,-38.17868],[145.15288,-38.1794],[145.15136,-38.18549],[145.1419,-38.18402],[145.14306,-38.18372],[145.14392,-38.18389],[145.14423,-38.18305],[145.14895,-38.18278],[145.149,-38.1819],[145.14863,-38.18173],[145.14878,-38.18143]]]},"properties":{"SA1_CODE_2021":"21401137341","totalResponses":488,"Australian":165,"English":210,"Irish":60,"Scottish":56,"Italian":33,"Indian":14,"Chinese":9,"Greek":5,"German":18,"Dutch":27,"SriLankan":0,"Filipino":12}},{"type":"Feature","geometry":{"type":"Polygon","coordinates":[[[145.10941,-38.16812],[145.10993,-38.168],[145.11251,-38.16674],[145.11227,-38.16836],[145.11136,-38.17027],[145.11133,-38.17081],[145.11113,-38.17126],[145.10864,-38.17313],[145.10795,-38.17344],[145.10532,-38.17007],[145.10941,-38.16812]]]},"properties":{"SA1_CODE_2021":"21401137338","totalResponses":415,"Australian":163,"English":197,"Irish":41,"Scottish":51,"Italian":7,"Indian":0,"Chinese":9,"Greek":17,"German":33,"Dutch":12,"SriLankan":0,"Filipino":0}},{"type":"Feature","geometry":{"type":"Polygon","coordinates":[[[145.10856,-38.16632],[145.10992,-38.16557],[145.11047,-38.16625],[145.11209,-38.16546],[145.11189,-38.16471],[145.11151,-38.16455],[145.11131,-38.16422],[145.11152,-38.16385],[145.11229,-38.16377],[145.11266,-38.16458],[145.11251,-38.16674],[145.10532,-38.17007],[145.1042,-38.16864],[145.10764,-38.16708],[145.10856,-38.16632]]]},"properties":{"SA1_CODE_2021":"21401137326","totalResponses":424,"Australian":135,"English":181,"Irish":77,"Scottish":75,"Italian":27,"Indian":0,"Chinese":0,"Greek":10,"German":16,"Dutch":8,"SriLankan":5,"Filipino":0}},{"type":"Feature","geometry":{"type":"Polygon","coordinates":[[[145.10856,-38.16632],[145.10764,-38.16708],[145.10544,-38.16804],[145.10418,-38.16642],[145.1047,-38.16616],[145.10659,-38.16394],[145.1087,-38.1645],[145.1088,-38.16479],[145.10957,-38.1658],[145.10856,-38.16632]]]},"properties":{"SA1_CODE_2021":"21401137337","totalResponses":298,"Australian":123,"English":125,"Irish":43,"Scottish":44,"Italian":9,"Indian":0,"Chinese":3,"Greek":0,"German":18,"Dutch":10,"SriLankan":0,"Filipino":3}},{"type":"Feature","geometry":{"type":"Polygon","coordinates":[[[145.10354,-38.16099],[145.104,-38.16006],[145.10965,-38.1607],[145.11017,-38.16028],[145.11026,-38.15975],[145.11139,-38.15985],[145.11151,-38.16044],[145.11144,-38.1614],[145.11187,-38.16233],[145.1119,-38.16295],[145.11229,-38.16377],[145.11152,-38.16385],[145.11131,-38.16422],[145.11151,-38.16455],[145.11189,-38.16471],[145.11209,-38.16546],[145.11047,-38.16625],[145.10992,-38.16557],[145.10957,-38.1658],[145.1088,-38.16479],[145.1087,-38.1645],[145.10702,-38.16413],[145.10611,-38.16359],[145.10567,-38.16288],[145.10565,-38.16213],[145.10489,-38.16207],[145.10452,-38.16223],[145.10404,-38.16176],[145.10331,-38.16157],[145.10354,-38.16099]]]},"properties":{"SA1_CODE_2021":"21401137335","totalResponses":588,"Australian":204,"English":253,"Irish":60,"Scottish":84,"Italian":28,"Indian":6,"Chinese":7,"Greek":20,"German":30,"Dutch":18,"SriLankan":5,"Filipino":9}},{"type":"Feature","geometry":{"type":"Polygon","coordinates":[[[145.11127,-38.15905],[145.11121,-38.15863],[145.11147,-38.15803],[145.11602,-38.15925],[145.11289,-38.16638],[145.11255,-38.1663],[145.11266,-38.16458],[145.1119,-38.16295],[145.11187,-38.16233],[145.11144,-38.1614],[145.11151,-38.16044],[145.11127,-38.15905]]]},"properties":{"SA1_CODE_2021":"21401137332","totalResponses":515,"Australian":168,"English":237,"Irish":66,"Scottish":57,"Italian":29,"Indian":3,"Chinese":7,"Greek":18,"German":28,"Dutch":22,"SriLankan":4,"Filipino":6}},{"type":"Feature","geometry":{"type":"Polygon","coordinates":[[[145.10502,-38.15801],[145.10569,-38.15652],[145.10587,-38.15656],[145.10817,-38.15794],[145.10911,-38.15871],[145.11028,-38.15827],[145.11125,-38.15852],[145.11139,-38.15985],[145.11026,-38.15975],[145.11017,-38.16028],[145.10965,-38.1607],[145.104,-38.16006],[145.10502,-38.15801]]]},"properties":{"SA1_CODE_2021":"21401137334","totalResponses":394,"Australian":159,"English":189,"Irish":46,"Scottish":45,"Italian":7,"Indian":5,"Chinese":9,"Greek":13,"German":16,"Dutch":4,"SriLankan":0,"Filipino":0}},{"type":"Feature","geometry":{"type":"Polygon","coordinates":[[[145.11015,-38.15604],[145.10972,-38.15511],[145.10969,-38.1544],[145.1095,-38.15424],[145.11026,-38.15364],[145.11759,-38.1556],[145.11602,-38.15925],[145.11147,-38.15803],[145.11125,-38.15852],[145.11028,-38.15827],[145.11021,-38.15755],[145.11001,-38.15704],[145.11015,-38.15604]]]},"properties":{"SA1_CODE_2021":"21401137331","totalResponses":590,"Australian":206,"English":264,"Irish":94,"Scottish":73,"Italian":36,"Indian":6,"Chinese":11,"Greek":14,"German":25,"Dutch":15,"SriLankan":0,"Filipino":3}},{"type":"Feature","geometry":{"type":"Polygon","coordinates":[[[145.11499,-38.15227],[145.11517,-38.15185],[145.11566,-38.1515],[145.11904,-38.15222],[145.11759,-38.1556],[145.113,-38.15437],[145.11479,-38.15276],[145.11499,-38.15227]]]},"properties":{"SA1_CODE_2021":"21401137122","totalResponses":498,"Australian":176,"English":225,"Irish":65,"Scottish":66,"Italian":20,"Indian":9,"Chinese":9,"Greek":15,"German":29,"Dutch":15,"SriLankan":0,"Filipino":0}},{"type":"Feature","geometry":{"type":"Polygon","coordinates":[[[145.12928,-38.13618],[145.13012,-38.13428],[145.13125,-38.13458],[145.13132,-38.13442],[145.13231,-38.13469],[145.13241,-38.13447],[145.1345,-38.13508],[145.13408,-38.13603],[145.13461,-38.13618],[145.13364,-38.13839],[145.12885,-38.13718],[145.12928,-38.13618]]]},"properties":{"SA1_CODE_2021":"21401137125","totalResponses":516,"Australian":155,"English":195,"Irish":51,"Scottish":44,"Italian":13,"Indian":18,"Chinese":22,"Greek":9,"German":26,"Dutch":8,"SriLankan":0,"Filipino":7}},{"type":"Feature","geometry":{"type":"Polygon","coordinates":[[[145.13469,-38.13443],[145.13571,-38.13221],[145.13626,-38.13307],[145.13657,-38.13389],[145.13667,-38.13464],[145.1366,-38.13761],[145.13587,-38.13742],[145.13585,-38.13852],[145.13561,-38.13907],[145.13462,-38.1388],[145.13487,-38.13822],[145.13385,-38.13794],[145.13461,-38.13618],[145.13408,-38.13603],[145.13469,-38.13443]]]},"properties":{"SA1_CODE_2021":"21401137126","totalResponses":363,"Australian":133,"English":143,"Irish":34,"Scottish":39,"Italian":21,"Indian":5,"Chinese":13,"Greek":7,"German":16,"Dutch":8,"SriLankan":0,"Filipino":4}},{"type":"Feature","geometry":{"type":"Polygon","coordinates":[[[145.12395,-38.1321],[145.12434,-38.13091],[145.12436,-38.12959],[145.12482,-38.13008],[145.12511,-38.13076],[145.1256,-38.12846],[145.13189,-38.13017],[145.12903,-38.13676],[145.12416,-38.13541],[145.1241,-38.13578],[145.12294,-38.13547],[145.12307,-38.13482],[145.12343,-38.1342],[145.12347,-38.13367],[145.12395,-38.1321]]]},"properties":{"SA1_CODE_2021":"21401137153","totalResponses":492,"Australian":126,"English":146,"Irish":39,"Scottish":29,"Italian":25,"Indian":4,"Chinese":6,"Greek":5,"German":17,"Dutch":16,"SriLankan":0,"Filipino":10}},{"type":"Feature","geometry":{"type":"Polygon","coordinates":[[[145.13139,-38.13134],[145.13189,-38.13017],[145.13462,-38.13091],[145.13523,-38.13162],[145.13571,-38.13221],[145.13441,-38.13505],[145.13241,-38.13447],[145.13231,-38.13469],[145.13132,-38.13442],[145.13125,-38.13458],[145.13012,-38.13428],[145.13139,-38.13134]]]},"properties":{"SA1_CODE_2021":"21401137124","totalResponses":501,"Australian":159,"English":195,"Irish":46,"Scottish":62,"Italian":14,"Indian":5,"Chinese":16,"Greek":9,"German":37,"Dutch":20,"SriLankan":3,"Filipino":4}},{"type":"Feature","geometry":{"type":"Polygon","coordinates":[[[145.1282,-38.12768],[145.1275,-38.12749],[145.12807,-38.12587],[145.13355,-38.12654],[145.13333,-38.12793],[145.13338,-38.12855],[145.13359,-38.12923],[145.13415,-38.13035],[145.13462,-38.13091],[145.12762,-38.12901],[145.1282,-38.12768]]]},"properties":{"SA1_CODE_2021":"21401137533","totalResponses":398,"Australian":113,"English":146,"Irish":44,"Scottish":52,"Italian":15,"Indian":6,"Chinese":8,"Greek":10,"German":21,"Dutch":10,"SriLankan":0,"Filipino":6}},{"type":"Feature","geometry":{"type":"Polygon","coordinates":[[[145.12762,-38.12901],[145.12594,-38.12855],[145.12595,-38.12561],[145.12807,-38.12587],[145.1275,-38.12749],[145.1282,-38.12768],[145.12762,-38.12901]]]},"properties":{"SA1_CODE_2021":"21401137501","totalResponses":181,"Australian":48,"English":104,"Irish":29,"Scottish":25,"Italian":3,"Indian":0,"Chinese":0,"Greek":0,"German":7,"Dutch":3,"SriLankan":0,"Filipino":0}},{"type":"Feature","geometry":{"type":"Polygon","coordinates":[[[145.12773,-38.12583],[145.12595,-38.12561],[145.12585,-38.12551],[145.12622,-38.12341],[145.13403,-38.12413],[145.13451,-38.12426],[145.13355,-38.12654],[145.12773,-38.12583]]]},"properties":{"SA1_CODE_2021":"21401137535","totalResponses":401,"Australian":140,"English":175,"Irish":47,"Scottish":41,"Italian":16,"Indian":0,"Chinese":5,"Greek":8,"German":17,"Dutch":16,"SriLankan":0,"Filipino":3}},{"type":"Feature","geometry":{"type":"Polygon","coordinates":[[[145.12814,-38.12358],[145.12622,-38.12341],[145.12649,-38.12114],[145.13551,-38.122],[145.13451,-38.12426],[145.13403,-38.12413],[145.12814,-38.12358]]]},"properties":{"SA1_CODE_2021":"21401137536","totalResponses":358,"Australian":109,"English":154,"Irish":49,"Scottish":40,"Italian":10,"Indian":4,"Chinese":4,"Greek":7,"German":17,"Dutch":8,"SriLankan":0,"Filipino":6}},{"type":"Feature","geometry":{"type":"Polygon","coordinates":[[[145.12841,-38.12132],[145.12649,-38.12114],[145.12672,-38.11894],[145.12736,-38.11899],[145.12746,-38.11848],[145.1302,-38.11874],[145.13065,-38.11665],[145.13306,-38.11688],[145.13303,-38.11703],[145.13448,-38.11715],[145.13501,-38.11594],[145.13548,-38.11653],[145.13583,-38.11723],[145.13593,-38.11776],[145.13588,-38.11982],[145.13648,-38.11984],[145.13551,-38.122],[145.12841,-38.12132]]]},"properties":{"SA1_CODE_2021":"21401137537","totalResponses":471,"Australian":167,"English":212,"Irish":61,"Scottish":53,"Italian":20,"Indian":0,"Chinese":0,"Greek":6,"German":21,"Dutch":11,"SriLankan":0,"Filipino":6}},{"type":"Feature","geometry":{"type":"Polygon","coordinates":[[[145.13354,-38.11418],[145.13501,-38.11594],[145.13448,-38.11715],[145.13303,-38.11703],[145.13306,-38.11688],[145.13065,-38.11665],[145.1302,-38.11874],[145.12683,-38.11842],[145.12728,-38.11631],[145.12756,-38.11303],[145.13315,-38.11371],[145.13354,-38.11418]]]},"properties":{"SA1_CODE_2021":"21401137517","totalResponses":588,"Australian":195,"English":254,"Irish":72,"Scottish":76,"Italian":26,"Indian":0,"Chinese":19,"Greek":3,"German":20,"Dutch":18,"SriLankan":4,"Filipino":3}},{"type":"Feature","geometry":{"type":"Polygon","coordinates":[[[145.12803,-38.11309],[145.12756,-38.11303],[145.12779,-38.11016],[145.1304,-38.11048],[145.13315,-38.11371],[145.12803,-38.11309]]]},"properties":{"SA1_CODE_2021":"21401137516","totalResponses":373,"Australian":143,"English":161,"Irish":51,"Scottish":38,"Italian":13,"Indian":0,"Chinese":0,"Greek":6,"German":19,"Dutch":17,"SriLankan":3,"Filipino":0}},{"type":"Feature","geometry":{"type":"Polygon","coordinates":[[[145.12856,-38.1075],[145.12824,-38.10519],[145.12823,-38.10436],[145.13104,-38.1046],[145.13085,-38.10557],[145.13065,-38.1083],[145.13461,-38.10874],[145.13414,-38.11004],[145.13432,-38.11013],[145.13339,-38.11085],[145.1304,-38.11048],[145.12957,-38.1095],[145.12888,-38.10839],[145.12856,-38.1075]]]},"properties":{"SA1_CODE_2021":"21401137507","totalResponses":578,"Australian":220,"English":221,"Irish":81,"Scottish":77,"Italian":17,"Indian":0,"Chinese":8,"Greek":11,"German":24,"Dutch":9,"SriLankan":0,"Filipino":0}},{"type":"Feature","geometry":{"type":"Polygon","coordinates":[[[145.13079,-38.10642],[145.13096,-38.10503],[145.1357,-38.10562],[145.13461,-38.10874],[145.13065,-38.1083],[145.13079,-38.10642]]]},"properties":{"SA1_CODE_2021":"21401137508","totalResponses":504,"Australian":201,"English":183,"Irish":57,"Scottish":45,"Italian":21,"Indian":6,"Chinese":9,"Greek":12,"German":24,"Dutch":6,"SriLankan":0,"Filipino":5}},{"type":"Feature","geometry":{"type":"Polygon","coordinates":[[[145.13158,-38.10194],[145.13241,-38.09828],[145.13469,-38.09856],[145.13455,-38.09939],[145.13434,-38.09951],[145.13377,-38.10213],[145.13363,-38.1022],[145.13373,-38.10227],[145.13317,-38.10459],[145.13596,-38.10496],[145.1357,-38.10562],[145.13096,-38.10503],[145.13104,-38.1046],[145.12975,-38.10444],[145.12992,-38.10355],[145.13088,-38.10366],[145.13097,-38.10319],[145.13139,-38.10287],[145.13158,-38.10194]]]},"properties":{"SA1_CODE_2021":"21401137521","totalResponses":472,"Australian":186,"English":198,"Irish":78,"Scottish":52,"Italian":16,"Indian":3,"Chinese":9,"Greek":8,"German":22,"Dutch":3,"SriLankan":0,"Filipino":0}},{"type":"Feature","geometry":{"type":"Polygon","coordinates":[[[145.12825,-38.10016],[145.12823,-38.09609],[145.1301,-38.09622],[145.13003,-38.09699],[145.13039,-38.09704],[145.1304,-38.09816],[145.13052,-38.0984],[145.13232,-38.09862],[145.13139,-38.10287],[145.13097,-38.10319],[145.13088,-38.10366],[145.12992,-38.10355],[145.12975,-38.10444],[145.12823,-38.10436],[145.12825,-38.10016]]]},"properties":{"SA1_CODE_2021":"21401137520","totalResponses":481,"Australian":162,"English":203,"Irish":68,"Scottish":54,"Italian":20,"Indian":0,"Chinese":13,"Greek":11,"German":33,"Dutch":9,"SriLankan":3,"Filipino":5}},{"type":"Feature","geometry":{"type":"Polygon","coordinates":[[[145.13003,-38.0966],[145.1301,-38.09622],[145.13041,-38.09626],[145.1304,-38.09547],[145.1325,-38.09574],[145.13285,-38.09374],[145.13551,-38.094],[145.1353,-38.09504],[145.13548,-38.09506],[145.13537,-38.0956],[145.13561,-38.09563],[145.13554,-38.09597],[145.13572,-38.09599],[145.13552,-38.09687],[145.13585,-38.09691],[145.13576,-38.09731],[145.13492,-38.0972],[145.13469,-38.09856],[145.13241,-38.09828],[145.13232,-38.09862],[145.13052,-38.0984],[145.1304,-38.09816],[145.13039,-38.09704],[145.13003,-38.09699],[145.13003,-38.0966]]]},"properties":{"SA1_CODE_2021":"21401137519","totalResponses":548,"Australian":222,"English":235,"Irish":68,"Scottish":78,"Italian":25,"Indian":9,"Chinese":4,"Greek":10,"German":25,"Dutch":17,"SriLankan":4,"Filipino":6}},{"type":"Feature","geometry":{"type":"Polygon","coordinates":[[[145.13039,-38.09344],[145.13285,-38.09374],[145.1325,-38.09574],[145.1304,-38.09547],[145.13041,-38.09626],[145.12823,-38.09609],[145.12823,-38.09328],[145.12843,-38.09329],[145.12843,-38.0932],[145.13039,-38.09344]]]},"properties":{"SA1_CODE_2021":"21401137514","totalResponses":315,"Australian":130,"English":146,"Irish":49,"Scottish":31,"Italian":14,"Indian":4,"Chinese":5,"Greek":12,"German":15,"Dutch":0,"SriLankan":0,"Filipino":3}},{"type":"Feature","geometry":{"type":"Polygon","coordinates":[[[145.12788,-38.08978],[145.12729,-38.08811],[145.12847,-38.08785],[145.13113,-38.08818],[145.1309,-38.08935],[145.13289,-38.08959],[145.1328,-38.08998],[145.13305,-38.09001],[145.13277,-38.09016],[145.13296,-38.09019],[145.1328,-38.09103],[145.13227,-38.09096],[145.13219,-38.09138],[145.13112,-38.09124],[145.13068,-38.09347],[145.12843,-38.0932],[145.12843,-38.09329],[145.12823,-38.09328],[145.12823,-38.09178],[145.12788,-38.08978]]]},"properties":{"SA1_CODE_2021":"21401137513","totalResponses":471,"Australian":205,"English":203,"Irish":58,"Scottish":67,"Italian":13,"Indian":5,"Chinese":4,"Greek":3,"German":23,"Dutch":9,"SriLankan":0,"Filipino":0}},{"type":"Feature","geometry":{"type":"Polygon","coordinates":[[[145.13176,-38.09361],[145.13068,-38.09347],[145.13112,-38.09124],[145.13219,-38.09138],[145.13227,-38.09096],[145.1328,-38.09103],[145.13296,-38.09019],[145.13626,-38.09059],[145.13558,-38.09401],[145.13176,-38.09361]]]},"properties":{"SA1_CODE_2021":"21401137512","totalResponses":449,"Australian":177,"English":209,"Irish":56,"Scottish":49,"Italian":21,"Indian":6,"Chinese":4,"Greek":13,"German":12,"Dutch":16,"SriLankan":5,"Filipino":5}},{"type":"Feature","geometry":{"type":"Polygon","coordinates":[[[145.20551,-38.0808],[145.20662,-38.08058],[145.20878,-38.08074],[145.20862,-38.08143],[145.20753,-38.08342],[145.20537,-38.08279],[145.20327,-38.08136],[145.20275,-38.0814],[145.20217,-38.08185],[145.2012,-38.08212],[145.20155,-38.08044],[145.20459,-38.08083],[145.20551,-38.0808]]]},"properties":{"SA1_CODE_2021":"21401137624","totalResponses":329,"Australian":108,"English":136,"Irish":44,"Scottish":41,"Italian":19,"Indian":0,"Chinese":10,"Greek":9,"German":12,"Dutch":10,"SriLankan":4,"Filipino":0}},{"type":"Feature","geometry":{"type":"Polygon","coordinates":[[[145.21376,-38.08056],[145.21314,-38.08006],[145.21277,-38.07943],[145.21231,-38.0792],[145.21163,-38.07908],[145.21155,-38.07876],[145.21189,-38.07864],[145.21221,-38.07883],[145.21244,-38.07882],[145.21409,-38.07806],[145.21444,-38.07795],[145.21487,-38.07803],[145.21556,-38.07775],[145.21673,-38.078],[145.21693,-38.07793],[145.21736,-38.07832],[145.21739,-38.07858],[145.21861,-38.07903],[145.21888,-38.07935],[145.21893,-38.08022],[145.21936,-38.0804],[145.21954,-38.08064],[145.21935,-38.08148],[145.21908,-38.08175],[145.21796,-38.08176],[145.21583,-38.08209],[145.21513,-38.08262],[145.21418,-38.08165],[145.21327,-38.08099],[145.21376,-38.08056]]]},"properties":{"SA1_CODE_2021":"21401137623","totalResponses":358,"Australian":57,"English":129,"Irish":18,"Scottish":40,"Italian":14,"Indian":34,"Chinese":28,"Greek":3,"German":10,"Dutch":6,"SriLankan":5,"Filipino":4}}],"metadata":{"source":"Australian Bureau of Statistics","censusYear":2021,"table":"G08 — Ancestry by country of birth of parents","geography":"ASGS 2021 Statistical Area Level 1","lga":"Frankston","lgaCode":"22170","generated":"2026-08-19T20:48:24.700Z"}}